Komentar,Kategori
 kaka tidur yaa  udah pagi  gaboleh capek  ,Non-bullying
 makan nasi padang aja begini badannya ,Non-bullying
 yang aku suka dari dia adalah selalu cukur jembut sebelum manggung ,Bullying
 hai kak isyana aku ngefans banget sama kak isyana aku paling suka lagu kak isyana itu lagu tetap didalam jiwa ,Non-bullying
 manusia apa bidadari sih herann deh cantik terus     ,Non-bullying
  ayu kinantii isyan skrg berubah ya   baju nya nakal ,Bullying
 gemesnya isyan kayak tango  berlapis lapis ciaaaa ,Non-bullying
 makin jelek aja anaknya  padahal ibu ayahnya cakep  ,Bullying
 kok anaknya kayak udah tua gitu ya mukanya kk tasya ,Bullying
 muka anak nya ko tua banget yaa   gk ngegemesin gk ada lucu nya ,Bullying
 muka nya muka kolot wkwk bukan muka bayi  lucu gt ,Bullying
 udah gila sekarang ini orang wkwk  udah jomblo jadi psikolog ga laku  ya jadilah seperti itu ,Bullying
 lo sintingnya udah tingkat dewa ,Bullying
 sepertinya lutfi setelah putus dgn salsa seperti orang stress ,Bullying
 anak tolol ini mulai aktif ya bund ,Bullying
 bisa mati aja ga  gedeg gua liat lu  anjim ,Bullying
 woy lutfi asu   sok asik lo anjing   ,Bullying
 apasih kontol berantem aja lah ayo bngst  lutfiagizal ,Bullying
 ibu kamu pelakor plus hamil di luar nikah ya  pantesan anaknya kyk gini modelannya ,Bullying
 anaknya udh pinter  maknya yang kelempengan   berasa masih baby  tingginya azka aj melebihi mamanya   ,Bullying
 anak yg cerdas terbentuk dr pola asuh sekaligus pola didik ortu yg cerdas pula sih pada saranya  sesimple itu ,Non-bullying
 setengah iri setengah jadi motivasi ini ,Non-bullying
 ancur hidup lu kalau sama dia  sumpah   ,Bullying
 serem banget muka lo mel kayak ayam potong merah banget ,Bullying
 yaudah jd pengusaha kuliner aja gausah artis  makanannya emang bikin ngiler sih wkwkw ,Non-bullying
 kamu emang cocoknya jadi pengusaha kuliner udah fixs  semoha lancat terusssss ,Non-bullying
 tak sejelek image owner ya    artis ups bukan artis  hallo secara tidak langsung semua orang itu tau image lu jelek gentong  ,Bullying
 apaan sih gak jelas hidupnya ,Bullying
 sebelum aku unfoll  aku mau bilang najissss ,Bullying
 muka lu sensual tapi norak kenapa dah ,Bullying
 udah gk jaman ngebully orang hey netizen mending ngaca dari kekurangan sendiri ,Non-bullying
 kalau pas penempatannya  sebenernya kamu imut banget loh mel  ,Non-bullying
 cakep kaga jelek iya hahah ,Bullying
 jari jari kaki kayak jarinya tukang panggul ,Bullying
 kakinya kek lagi hamil tua ya bun  semacam kaki gajah  ayuugsia ,Bullying
 suka heran sama yg ngehina fisik   ternyata bener ya kita semua pendosa dengan cara kita sendiri   ,Non-bullying
 ini diedit biar langsing padahal mah klo live bomber badannya ,Bullying
 kakinya gedong sayyy kek kaki jantan  upp kan dia suka berbaur ama warwerwor   mahluk astral   yg kakinya gedong ,Bullying
 bagusan foto pakai masker drpd gak pakai masker ,Non-bullying
  rosameldianti  kakak foto sebelum ini  kenapa memeknya keliatan tebal     memeknya kakak lagi bengkak yah    ,Bullying
 bra nya kedodoran kak make ukuran gede yaa ,Bullying
 nah ini cantik seneng  usahanya membuahkan hasil  semangat ya mel semoga menjadi pribadi yang lebih baik lagi ,Non-bullying
 mba bisa gk sih  kalau gk merem melek gitu matanya kaya orang cacingan ,Bullying
 semoga lancar terus usahanya mel ,Non-bullying
 cantik banget kalo meldi muka natural kek gini ,Non-bullying
 lu diem aja cantik mel kalo ga banyak gaya serius ,Non-bullying
 kaku kek kanebo kering hahaha ,Bullying
 semakin glowing say  natural kayak gini bagus tambahin prestasi nya ya say ,Non-bullying
 meldi  emaknya buka klinik totok aura kayaknya anaknya gak pernah ditotok ya  auranya gak keliatan yg ada malah butek ,Bullying
 karena muka lo pasaran mel  di pasar sapi juga ada yang mirip noh ,Bullying
 maap kalau gua sering nyamain lu sama dugong soalnya emang mirip ,Bullying
 iya lo kamu mirip monyet mel ,Bullying
 bagusan pantat panci aing atuh anjir ,Bullying
 ya emang ga ada yang sama soalnya muka kamu sama dengan muka badak  muka beton  ga ada malu    ,Bullying
 kok mbak meldi sekarang tambah cantik ya rahasianya apa   ,Non-bullying
 lengannya gempal banget sih haha ,Bullying
 fix yang komen semua nyela ,Non-bullying
 udah ka gausah digubris gausah dipikirin  bersyukur aja sama nikmat tuhan yang udah dikasih ke kaka  gausah juga ngatain orang ka  tetep bersyukur atas nikmatnya ,Non-bullying
 jari jari nya gede gede banget  apalagi pas ngiklan makan ikan danau hambar  jarinya kayak jempol semua hawak bener ,Bullying
 jangan disamain muka  rosameldianti  sama orang oi  mintanya disamain sama babi ,Bullying
 ga ada yang dibawah meldi  semuanya setara  ada kekurangan ada kelebihan ,Non-bullying
 ka mel gausah merendahkan orang lain  bersyukur aja diatas langit juga masih ada langit lagi ,Non-bullying
 mukanya kalau gak dibantu kamera dekil dan kumel ,Bullying
 semua wanita cantik  jangan suka merasa lebih ah ,Non-bullying
 meldi udah dapat kontrak endorse skincare ya tapi kok mukanya tetap jelek si  ,Bullying
 gila netizen pada sempurna ngehina orang terus ,Non-bullying
 semua dah pada ngembang  habis di berapa cowo meldi     enak ya di otak atik ,Bullying
 karena muka kayak elo pasaran dan murah  ,Bullying
 muka buluk kepedean lagi   muka udah tua ,Bullying
 muka lu kaya tai wkwkwk ,Bullying
 sakit jiwa ini upil gajah  kasihan ,Bullying
 jelek macam buntut kuali hahaha ,Bullying
 meldi tambah kurusan sekarang ya    cantik walaupun tanpa make up  ,Non-bullying
 elu juga semoga semakinlebih baik dalam segala hal  terutama akhlak dan etikanya ,Non-bullying
 mbak mell sehat dan sukses ya ,Non-bullying
 aamiin  doa baik juga untuk meldi ,Non-bullying
 selamat tahun baru mbak  semoga jadi pribadi yang lebih baik amin ,Non-bullying
 meldi ini lama lama cantik loh tinggal dibenerin akhlak dan adabnya pasti makin sip ,Non-bullying
 pengambilan fotonya sudah bagus mantap dan keren   tinggal pengambilan arwah nya aja yang belum ,Bullying
 nggak ada cantik cantik nya hahaha ,Bullying
 kasian editornya sih ini  nanggung dosa banget kayaknya ngeditnya offside gini ,Bullying
 lama lama mirip dewi persik ya ,Non-bullying
 pada julid padahal kan meldi gak nyusahin kalian ,Non-bullying
 ini foto apa w masukin museum aja ya ga ada pantas nya ,Bullying
 nggak ngumpul bareng mami isa lagi kan kamu yang paling gembrot disana ,Bullying
 lagu lu ga ada yang laku ya mel   ,Bullying
 lututnya masih hitam gosok maning biar tambah cling dan cantik ,Bullying
 suka heran sama warga     sukanya ngehujat orang mulu  dapat pahala kagak dosa mah iya ,Non-bullying
 tambah cantik aja rosa meldianti ,Non-bullying
 jadi diri sendiri  jangan jadi ular apalagi dugong ,Bullying
 saya kok suka ya sama mereka harmonis ,Non-bullying
 cantik banget kalau pakai baju kayak gitu ,Non-bullying
 jujur ya kamu kalo anteng ga buat masalah cantik mel ,Non-bullying
 cowoknya ga ada cakep cakepnya ,Bullying
 di foto tirus   kalo di video wariorr kok mukanya kek donat gak ada bentuknya ,Bullying
 dari sekian banyak foto yang diposting  ini yang paling cantik ,Non-bullying
 artis abal abal   muka putih tangan hitam  ager  atm nya udah isi berapa sekarang ,Bullying
 itu muka kayak penuh tekanan banget ,Bullying
  rosameldianti  cowokmu wajah nya culun dan cupu kayak om  ,Bullying
 masyaallah cantik terlihat sopan dan anggun ,Non-bullying
 kang ojek kali belang tangannya ,Bullying
 seneng liat pasangan ini cewenya di hujat   indonesia tapi dia tetep setia nemenin ,Non-bullying
 dia memutuskan menjadi tumbal apartment ,Bullying
 makin cantik mel  semangat dietnyaa ,Non-bullying
 itu tangan apa paha haha   ,Bullying
 mel disini kamu keliatan cakep ,Non-bullying
 mukanya kayak lagi ngeden pas boker ,Bullying
 aduuh   terlalu halu   hhahaha lebay editan nyaa lemak kemana lemak  hahhaaa   mimpi ketinggian   ,Bullying
 salfok sama kaki  tapi cantik banget asli ,Non-bullying
   dy     buset cantik diedit aja mba  coba dah aslinya dah kayak buntelan kentut  ,Bullying
 atas bawah hitam putih  kek kopi luwak ,Bullying
 palsu badane diedit semua tu  aslinya dimana  lemak ,Bullying
 udah dapat kontrak dari skincare ttp aja buluk mel ,Bullying
 heran sama netizen klo gk suka jangan diliat aja ,Non-bullying
 sukses selalu yah ka  rosameldianti  semangat ,Non-bullying
 jujur aku lebih suka meldi yang sekarang daripada yang dulu suka ngehujat orang ,Non-bullying
 sumpah aslinya muka lo lebar kayak baskom loh mel  rosameldianti  ,Bullying
 berkarya teros meldi walo ga ada yg nuntun kamu  ,Non-bullying
 astaghfirullah  seram sekali ya bun seperti ular jelmaan makhluk halus ya bun ,Bullying
 dan yang paling saya heran cowokpun ikut ngebully  sabar meldi  ,Non-bullying
 astaga  ratu edit muka   sumpah seren kayak film setan  gitu    ,Bullying
 matanya kayak katarak anjir ahahah ,Bullying
 caption aja copas  cantumin credit dong  dasar iblis ,Bullying
 unfoll aja daripada kalian dosa ngebully  terus   ,Non-bullying
 meldi aku perhatikan kamu seperti orang china deh   cantik ,Non-bullying
 editan softlensnya keluar itu mbaknya  kayak ratu titisan ular kamu wkwkwk ,Bullying
 kasihan ular dibawa bawa kamu gak pantas jadi ular pantasnya jadi bunglon atau buaya   ,Bullying
 maju trus ya sayang   abaikan orang  yg comment menyakitkan ,Non-bullying
 kasihan ya kamu  rosameldianti  hidup sekali cuman buat bahan hujatan masyarakat  mubadzir banget deh hidup lo  napa gak bunuh diri aja  ,Bullying
 semangat mel  bahasa asing mah yang penting kita berani pasti entarnya bisa ,Non-bullying
 beda sama d foto yaa   disini lebar banget mukanya maaf itu kalau foto editan ya ,Bullying
 meldi meskipun kadang mulut ku tak bisa di rem karena kehaluanmu  tapi aku bangga akan berusaha mu  yuhuuu ,Non-bullying
 lupa di edit ya tu muka melar ,Bullying
 semangatt  kesalahan dalam belajar bahasa asing itu penting  karena itu pembelajaran utamanya  supaya kesalahannya ga terulang ,Non-bullying
 kereennnn   dari bully an netizen menjadikanmu mau belajar ,Non-bullying
 hiiihhh jiik lihat nih orang  auranya buruk bgt gak ada manis manisnya ,Bullying
 semangat untuk belajar ya  saya uga gak bisa bahasa inggris ,Non-bullying
 yang penting ada niat   dan keberanian ,Non-bullying
 salut mel   semangat belajar  yg ngetawain juga belum tentu bisa dan berani   ,Non-bullying
 gpp mel semangat buat belajar trusssss jangan gampang nyerah pokoknya  rosameldianti  ,Non-bullying
 setidaknya dia ngaku  bukan belagak pintar ,Non-bullying
 masih jauh kalo ngarep bisa ikutan kontes miss earth   makanya dari kecil les inggris biar lidahnya gak keseleo ,Bullying
 cuma di postingan ini ya bund netizen sedikit yang menghujat ,Non-bullying
 happy birthday mel sehat dan sukses yah  aamiin ,Non-bullying
 happy birthday kak meldi yang imut n ngegemesin  tambah sukses selalu ,Non-bullying
 ya ampun ketiak dan lemaknya editan parah wkwk ,Bullying
 ketiaknya habis di amplas mel  alus banget ,Bullying
 udah diedit gitu  ketiak lu tetap hitam ,Bullying
 selamat ulang tahun mel  udah yah jangan banyak tingkah ,Non-bullying
 mukanya kuning banget kaya kunyit ,Bullying
 selamat ulang tahun meldi sukses dan sehat terus ya   ,Non-bullying
 fotonya lainnya jangan yang ini  kan masih banyak yang lebih cantik ihhh biar gak kena hujat kamu ihh  aku mah kasihan ,Non-bullying
 hbd meldi  semoga sukses selalu dan panjang umur dan rejekinya di lancarkan   amin ,Non-bullying
 perasaan kemarin lengannya kekar banget kek petinju  udah gitu ketiaknya juga hitam  kok difoto ini lengannya jadi kecil  ketiaknya putih kek dibedakin ,Bullying
 selamat ulang tahun kak  rosameldianti   banyaknya sadar dan jangan pansos lagi yah  amin ,Non-bullying
 hbd cantik semoga kedepannya tambah sukses ,Non-bullying
 hbd mbak mel tambah cantik di panjangkan umurnya dan sehat selalu ,Non-bullying
 berdiri di kaki sendiri lebih baik ,Non-bullying
 biar di edit  kaya apa juga tetap aja ketiak hitam nya ga bisa di bohongin ,Bullying
 sumpah demi apapun   lengan nya gede banget ,Bullying
 selamat ulang tahun panjang umur sampai ketemu dajjal ,Bullying
 ketiak hitam buluk mau lu edit nutupin daki diketek lu tetap aka hitam ketiak lu  dasar dugong  rosameldianti  ,Bullying
 di atm tinggal     ribu aja banyak gaya lu dugong ,Bullying
 gak ada bagus nya suara dan polanya   ,Bullying
 si meldi jelek aja banyak gaya  beda banget sm tante n sepupunya yang udah jelas  cantik ,Bullying
 tapi dia sekarang dah berubah gak kayak dulu kalau yang gue lihat ,Non-bullying
 ngedit ketiaknya berapa lah dah itu ya ampe ngeblur pisan   putihnya kek cat tembok ,Bullying
 aduh dugong masih aja gila filter   ,Bullying
 sekarang bukan muka aja yang didempul  tapi ketiak juga ,Bullying
 kasian kebelet artis tapi gak punya bakat ,Bullying
 yang merasa peliharaannya lepas  tolong diangkut ,Bullying
 miris banget  ultah bukan didoain yang baik  tapi tetap di bully kasian    god bless u mel ,Non-bullying
 mudah mudahan lu jadi gembel  amin ya allah ,Bullying
 ketiaknya hitam dikasih bedak jadi nya abu  monyet ,Bullying
 heran gua mah kalau gasuka gausah di follow dah tau ni akun private kalo lu tetap follow dan ngebuli tanda nya lu sirik  gasuka ya gausah diliat  kaya dirinya sempurna aja ,Non-bullying
 gua berharap lu aja si yg sakit bukan laura lol ,Bullying
 harusnya lo aja yang menderitaaa bukan lora anj          ,Bullying
 gaga sempet beneran lora lo tinggalin  lo orang paling jahat ga     lo gak bakal bahagia ga ,Bullying
 lu bener  ga kalo sempet nyakitin lora gue santet      ,Bullying
 si gaga kok kek anjing ,Bullying
 semangat gaga  jangan liat kebelakang fokus aja kedepan  masih muda masih banyak yg lebih baik juga  ,Non-bullying
 gak ada cantiknya  gila yang ada ,Bullying
 meldi makin bersinar yaaa  pertahanin karir jgn di sia siain ,Non-bullying
 tetap semangat   sebaik apapun kamu akan dalah dimata pembenci    ,Non-bullying
 asli gak ada bebet bobo ni anak  kasihan sekali  ,Bullying
 kumat  lama semedinya segini keluarnya ,Bullying
 tangannya hitam  beda ama muka ,Bullying
 kok meldi di foto aku gendut beda ,Bullying
 gatau sih  cantik tapi gak ada aura nya sama sekali   cantik tapi idih gitu lihatnya   kenapa yaa    ,Bullying
 baik buruk nya kamu akan tetap terlihat buruk di mata mereka yang ga menyukai mu   ,Non-bullying
 gila ni siluman   di story orang lain keliatan banget tumpukan  lemaknya  buriknya apalagi ,Bullying
 dasar bego lu   gua jijik sama lu bro kayak gak punya otak banget ,Bullying
 lo kira lo bagus tuh begitu anjing wkwkw ,Bullying
 di maafin aaa  semoga dia jera untuk kedepannya  ,Non-bullying
 eh bocah mending lo mati aja gak guna juga ada orang kayak lo hahahahaha ,Bullying
 btw yang video tapi boong itu dia buat nya tahun lalu bukan pas masalah yang sekarang kalau gak percaya lihat tribun news jadi jangan hujat dia lagi ya ,Non-bullying
 okay bro kalem aja  tetap semangat dan jangan putus asa ,Non-bullying
 lu mati ajalah   udah biar gak bikin ribet ,Bullying
 sampah masyarakat harus di musnahkan segera ,Bullying
 mati kau najis kontol bangsat mati kau ,Bullying
 youtuber toxic  tutup akunmu sekalian tutup usia ,Bullying
 pada ribet kayak udah pada benar aja lu semua ,Non-bullying
 jangan ada hitam diatas putih  langsung proses ,Non-bullying
 kalau sayang sama anaknya ya di serahkan aja ke polisi biar di didik sekalian ,Non-bullying
 manusia apa hewan sih kok gak punya hati banget ,Bullying
 manusia anjing  nyari uang gitu amat  lo kerja aja sama gue nyebokin gue ntar gue gaji lo  ,Bullying
 maklum anak kurang pendidikan kayak gitu gak punya akhlak ,Bullying
 anjing memang anak gak tau diri  ibunya sampai nangis  ,Bullying
 oi babi gue bunuh lu kalau sampai kelihatan sumpah ,Bullying
 heee sampah lu udah gua maafin tapi boong goblok ,Bullying
 anjing sini lo baku hantam ayo ,Bullying
 bangkit ya bang jangan lemah buat pelajaran dan ujian buat lu jadi yang lebih baik lagi bang ,Non-bullying
 jangan patah semngat kak sukses terus ,Non-bullying
 semangat ferdian gausah dengerin orang yang hujat kamu  karena semua manusia tidak luput dari kesalahan ,Non-bullying
 sumpah sekarang aku respect banget sama kamu ,Non-bullying
 menurutku pribadi  dia tulus minta maafnya   ,Non-bullying
 dikasih bidadari maunya boneka santet ,Bullying
 ilang respect gue   padahal jane udh setia bgt sama lu  tapi lu nya main cewe pas udh keluar dri penjara   lol ,Non-bullying
 hapus ajh ni poto ngk tau malu bgt lu bang ,Non-bullying
 intinya gasuka ajg selama ada listy   ngrusak suasana ,Bullying
 di foto ini ada   anjing dan   kontol ,Bullying
 kasian banget jane udah nunggu keluar penjara eh taunya     waw sakit siih ,Non-bullying
 puny cewk baik di selingkuhin g ngotak ,Bullying
 inget yg di potong itu masalah nya bukan hubungan nya  tapi kalo udah gini sembeleh aja orang nya    udah terlanjur kecewa ,Bullying
 ini buat konten   masa putus foto tabi sama jessica engga dihapus   ,Non-bullying
 tiap mau makan dibikin ama jess tpi malah ngehianatin gila sih ,Non-bullying
 parah lu bang nama lu udh rusak karna narkoba malah nambah masalah ajh truss ,Non-bullying
 ini anjing kok mirip ya sama erick ,Bullying
 muka pas an sok sok an mau sm lonte lo anjing ,Bullying
 lu sama anjingnya  lebih baik anjingnya ,Bullying
 ih ada babi jgn megang tuh anjing harga dirinya lebih tinggi dripada lo ,Bullying
 santuy aja bang ga usah di tanggepin btw gw suka gaya lo ,Non-bullying
 narkoboy kontol  cuma bisa maen cewe sama nyakitin doang lu anjing  mati aja lu bego ,Bullying
 tetep penjara aja ajg nyusahin lo keluar ,Bullying
 cewe cakep  setia kok disia sia in sahabat ,Non-bullying
 loh kok ak liatnya anjing semua yaa ,Bullying
 anjingnya ada dua kok guys  tapi kok lagi satu gue liat ada babi item ,Bullying
 mantan anjing  eh kebalik anjing mantan ,Bullying
 bikin skandal karena kepengen tenar  ,Non-bullying
 wiii anjay kapan lagi liat babi megang   anjing ,Bullying
 ini adalah foto babi sedang memeluk anjing yg pemilik nya adalah bidadari ,Bullying
 babi g pantes nyentuh anjingnya bidadari  nanti kotor  ,Bullying
 sesama anjing foto dulu ya kan ,Bullying
 potret seorjing memegang anjing kwkw ,Bullying
 heh udh napa hate nya cape gw baca nya ,Non-bullying
 waduh malah lebih ganteng anjingnya  eh eh bahkan lu ga pantes disebut anjing  anjing kan setia pantesnya sih babi hahahaha ,Bullying
 kalo lomba sama an sm babi  babi nya nmr   ,Bullying
 si anjing ketika berfoto dengan si anjing ,Bullying
 kak jessica yg nungguin setia sm kk loh pas ad masalah kmrn  tapi kk ga ngehargain malah lbh milih yg d sono ,Non-bullying
 erikontolim manusia babi anak lonte ,Bullying
 hargailah hati wanita yang udh tulus nemenin lo dari      ,Non-bullying
 tapi bagus sih erick mutusin jessica ya karna erick kelakuan ny begituu coba liat jessica ,Non-bullying
 anjing sekarang hebat ya  bisa pake kacamata ,Bullying
 sdh lh nasi udah jdi bubur ga bisa lagi dibentuk kek semulaaa ,Non-bullying
 kukira kehadiranmu akan menjadi sesuatu kebanggaan  ternyata tidak ,Non-bullying
 ada   ajg dan yg punya tato bener  ajg ,Bullying
 dasar orang tua gada akhlak ngajarin anaknya yang ga bener ,Bullying
 erik kenapa sih  ada yang bisa jelasin gw ga update soalnya   maap  ,Non-bullying
 eh jangan dekat dekat sama anjingnya ci jessica gua lempar lu ,Bullying
 guys dr pd comment  mending unfoll sm unsubscribe aja yaa ,Non-bullying
 babi lagi main ma anjing    ,Bullying
 dikasi bidadari malah pilih babi ,Bullying
 postingan pertama jg dihujat dong gila netijen ,Non-bullying
 baru kali ini lihat anjing sama babi baikan  ,Bullying
 dikasih bidadari malah milih setan ,Bullying
 padahal gw g mau benci ama lu bro  tpi ada aja tingkah lu yang melenceng   ,Non-bullying
 sikap mu lebih najis daripada ludah anjing  ,Bullying
 njir meskipun udh lama nih poto di post tapi masih banyak yg komen baru  ,Non-bullying
 kesini cmn mo liat komen aja ,Non-bullying
 buset hate comment ampe postingan paling bawah ,Non-bullying
 foto di upload nya    maret yang comment   jam   jam   jam yg lalu ,Non-bullying
 pantes banyak utang buat bayar lonte ,Bullying
     tutup botol muka lu kek kontol wkwk ,Bullying
 astaga masih pagi dibikin ngakak ama komenan netijen yg ngmng suka bener ,Non-bullying
 dah lah  gw capek baca komen kalian ,Non-bullying
 keliatan bgt anjingnya ketakutan foto sama dakjal ,Bullying
 astaga ngehujat sampe postingan paling bawah ,Non-bullying
 lebih najis elu daripada anjing  ,Bullying
   ekor anjing dan satu buaya makan jambut ,Bullying
 kalo disuruh melihara anjing eric gw pilih anjing aja meski najis tapi lebih najisan erick kontol ,Bullying
 ngapain si pada ngejudge  mikir dulu lah dia putus juga sebelum kejadian itu tolol ,Non-bullying
 hargai wanitamu dia didekati banyak pria tetapi tetap memilihmu ,Non-bullying
 ternyata sipat anjing bukan hanya ada di anjing doang ya di manusia sipat anjing juga ternyata ada ,Bullying
 potret ketika anjing poto dengan setan ,Bullying
 bantu bedainn woyy mana anjing mana babi ,Bullying
 udaah woii udahh lu gak kasihan apa   aku capek ngelike komenan kalian ,Non-bullying
   anjing   anjing berwujud manusia    anjing asli tak ada perwujudan aowkwkw ,Bullying
 kasian gue sama anjingnya dipegang dajjal ,Bullying
 kasian anjing nya di pegang babi ,Bullying
 lo itu kontol gak guna ajg anak dakjal ,Bullying
 mukak lu lebih buruk daripada anjing lu ,Bullying
 dikasi yang bening malah milih yang dakian ,Bullying
 mending masuk penjara lagi aja dah seumur hidup ,Bullying
 kok lbih lucu anjingnya ya ktimbang orangnya ,Bullying
 akhirnya jesica bisa lepas dari kambing hitam ini ,Bullying
 maafin aja bro semua orang pasti ada kesalahan dia juga pasti ada kesalahan nasehatin aja siapa tau dia berubah ,Non-bullying
 kasian anjingnya dipeluk sma sampahh ,Bullying
 gua kira keluar dari penjara bisa berubah ,Non-bullying
 cintamu hanya sebatas kertas wkwkw enteng bang ,Non-bullying
 padahal sejak dia sama jane aku lebih respect    skrg bener  udah hilang respect    ,Non-bullying
 udah nemenin dari masa tersulit lo pas udah keluar malah selingkuh  ga nyangka idola gua sesampah itu  ,Bullying
 dihujat habis an semua postingan lama ada komen baru wkwk ,Non-bullying
 gua gabisa bedain mana anjing mana manusia  keliatannya sama ,Bullying
 lu mirip anaknya kick andy yg namanya marlo bang ,Non-bullying
 kenapa ada orang baik   karna ada orang jahat ,Non-bullying
 ngga ada niatan ngadain pengajian gitu bang  ,Non-bullying
 suka banget sama rambutnyaa tambah ganteng ,Non-bullying
  abatartila ada ada aja kaya gini di bilang king  king muke nya udh kaya tai musang ,Bullying
 ninggalin berlian demi tai babi dih ,Bullying
 ganteng kaga lu begitu malah keliatan kaya daki kontol ,Bullying
 mukak lo kayak tapir kuda asu sok ganteng banget lo ,Bullying
 banyak yg kecewa karena lu begini rik     ,Non-bullying
 maap ye muke lu udh jelek kaga usah sok selingkuh cakepan anjing gua noh ,Bullying
 apa si hebatnya banci yg badannya penuh koreng kaya lo ,Bullying
 gini dong bersihan kaga kek tahun tahun sebelumnya dekil ,Bullying
 muka lu keriput kek aki aki ,Bullying
 foto jelek dihujat  foto ganteng dibilang sok ganteng ,Non-bullying
 kebanyakan nyabu jadi kurus lu ,Bullying
 narkoboyy ngeluarin lidahh  ajg mau apa  mau tes urin ,Bullying
 fotolu pede anjrit muka lu tu anjrit ,Bullying
 hidup itu jngn keterlaluan boss playboy amat ajg luu ,Bullying
 mukalu kek aktor bokep bgst mending ngobat aja luu ,Bullying
 dah jelek semangattt pulak wkwk ,Bullying
 muka nya kok gitu  seren bikin mual liatnya ,Bullying
 sana anjing ngewe ama lonte bangsat ,Bullying
 muka kek kontol mending di penjara ,Bullying
 muka kek banci dih najis ,Bullying
 ntar mati dalam keadaan konyol ,Bullying
 mau bilang jelek nya ga enak hehe   ,Bullying
 idihhhhh pantesan aja foto nya keluarin lidah kyk gtu  trnyata tukang jilat  ,Bullying
 nih orang kalo lomba mirip babi babinya juara   ,Bullying
 titisan dakjal emg lo nyet ,Bullying
 et muka lu aje gitu dih hahaha  biarin aja sampah ketemu sampah biar busuk bersama ,Bullying
 jijik astagah sok bat cakep njs ,Bullying
 bully an di ig lebih ngeri daripada di fb ajg gua jadi ngerii  ajgg,Non-bullying
 udah buriq brengsek pula pantes aja dapet lonte ,Bullying
 muka kampung gaya sok soan kota nyet ,Bullying
 ngapa lidah lo stroke amin deh kalau gtu ,Bullying
 ciah dihujat   indonesia jangan sampe bunuh diri ya komtoll kami blom puas nguat kauuu ,Bullying
 org kampung otak dusun gaya sosoan hype  ttep aja gabisa nutupin muka babu lu  ,Bullying
 cowo foto liatin lidah nya jam ah jijik gue  apa lagi minus akhlak kek gini ,Bullying
 anjing gue jg ogah liat muke lu ,Bullying
 g bole melet dosaa rik ,Non-bullying
 paan melet melet mau jilat tai tabi  ,Bullying
 setan emg melet  teross jijik asuuu ,Bullying
 ni anak lahir krna kondom bocor   ga ada rasa syukur muka kyk selangkangan gorilla dpt cewe cntik kyk jessica setia dll malah di sia in bgsad ,Bullying
 apaan si melet  sok ganteng ,Bullying
 muka kek slangkangan biawak aje bnyk blagu lu ,Bullying
 sumpah sih jahat banget  bener  kasian sama kak jessica ,Non-bullying
 anjing gk pantes sama bidadari  ,Bullying
 melet mulu setan kaya ular ,Bullying
 njr melet melet gw kirain hewan ,Bullying
 gtu aj dh kek anjg lo kang ,Bullying
 gw kesini pengen liat babang ini   sumpah feeling gw bener   mirip banget ama reynhard sinaga ,Non-bullying
 ih ko melet  si kaya hewan aja wkwkwkwk ,Bullying
 iuu milih iblis drpd bidadarii kwkwkw jyjyq ,Bullying
 melet  udah kaya anjing  eh kan emah anjing ,Bullying
 ga nyadar aja nih sampah haha ,Bullying
 lidah banyak kuman and virus nih ,Bullying
 awalnya ngira baju endorse dari kfc  mirip     ,Non-bullying
 gua mau lo terus berkarya   perbaiki  tinggalkan yg negatif   tidak ada kata terlambat   ttp jadi orang yg hebat dan selalu bahagia  xrickolim ,Non-bullying
 cita cita ingin jadi pakboi   eh tapi malah jadi narkoboy nasib nasib ,Bullying
 napa lu balik dari penjara sih  ,Bullying
 mending lu pada tobat dah ,Non-bullying
 selama dipenjara apalo sikat gigi  kok bau ya  baubau aroma bangsatttt ,Bullying
 gigi lo ada apanya  jigong  atau kondom nya nyangkut  ,Bullying
 ih mukanya kek anjing rumah gwa ,Bullying
 woi anak anjing ngapain lu hidup bgst ,Bullying
 udah jelek gak usah d jelek  in lagi bro ,Bullying
 ganteng kagak berbakat juga kagak kelebihannya dimana cobak  ,Bullying
 benci aja ama orang jelek pake selingkuh segala ,Bullying
 udah tutup mulut nya bau kambing ,Bullying
 jualan jualan knp ngga jadi yutuber lagi bro takut ngga ada yg nntn yah ,Bullying
 kayak randy pangalila klo gk pake kacamata ,Non-bullying
 entah knp liat muka bg eric sekarang kaya enak gitu    dari pada yg dulu ,Non-bullying
 apa ganteng nyasih anjing   kucel gini jadiin model ,Bullying
 keknya dia ngeliat masa depan yang hancur deh ,Bullying
 ingett hidup lo dulu ga seenak ini rikkk  hidup lo susah     salam temen smp pas lo burikkk  eh skrg sama aja ,Bullying
 yaaaa yaaa kalo liat muka nya sumpah ngeselin banget dah  oprasi dulu sono  biar gantengan dikit   dan kalo jln ke mall gk di kenal orng  ,Bullying
 dia ini siapa sih    artis bukan  jelek mah iya mukanya iyuhhh ,Bullying
 ini bukan era lo lagi  mending lo mati aja babi  kalo baca bales nyet ,Bullying
 saya segenap hati minta maap ,Non-bullying
 dulu bahagia sekarang banyak utang ,Bullying
 harus lebih maju berkelas rik   ga jamannya lg toxic dan ga beraturan   build sistem   you will be big ,Non-bullying
 editan sama konsepnya nice banget lahhh ,Non-bullying
 iri kok sama babi hahah najis ,Bullying
 lo yang dulu bukanlah yang sekarang dulu kaya anjing sekarang kaya babi ,Bullying
 jelek aja tukang selingkuh lo buriq   ,Bullying
 kok kalian komennya pada kek gini ya ,Non-bullying
 rick lu tuh jadi manusia kek gk ada gunanya lu dilahirin kedunia untuk berbuat baik  sayang nya lu ngecewain org lain gimana mo masuk surga ,Bullying
 kalian kaloga cocok mau di paksain  ,Non-bullying
 ya biarin  xrickolim kita gatau gimana aslinya masa kalian semua ambil keputusan sepihak kalo udah takdir gaada yang bisa nentang njir ,Non-bullying
 cocok kok  emang orang baik mah buat org baik  kalo yg bejat mah emang cocok buat yang bejat juga ehehe ,Bullying
 erick goblok malah pacaran ama lonte anj so bat ,Bullying
 cocok banget sama  orang gak bener biar lah dia hancur bersama ,Bullying
 eh kek ada penampakan lonte ,Bullying
 meninggalkan berlian demi tai sapi ,Bullying
 ini bukan era lo lgi  wkwkw skrng lo penuh dengan cacimaki  telen ludah sendiri ,Bullying
 pantes disini mulainya si ajg berulah ,Bullying
 open bo ga bang si listy  kebetulan ada om om yg nyari cwe yg udah pengalaman     ,Bullying
 buah nangka buah kemanggi gak ada akhlak lu babi ,Bullying
 perlahan karirmu ancur bro dan lu akan kembali kebawan ,Bullying
 biarkan  sk  official bangkrut aja  ceo nya gatau trimakasih haha ,Bullying
 ngapain juga nginap di rumah cowo  gaada keluarga lg lo  ,Bullying
 eh ada pelakor  pas banget frame ke tiga  orang ke   ,Bullying
 anak gblk dikasi berlian malah milih kerikil ,Bullying
 dikasih bidadari malah milih dajjal awokawok v ,Bullying
 jangan cuman bisa ngehina dong sadar kalian itu ga sempurna sama kaya kami ,Non-bullying
 kesihan gue sama org otak dangkal kek gini ,Bullying
 murahh banget lo jijik gue    dikick evos mlah open bo ,Bullying
 senengnya sekali nyesel nya seumur hidup  miris banget hidup lu tolol meninggalkan berlian yang indah dipandang dan di sayang demi segumpal tai kucing ,Bullying
 indahnya pemandangan banyak lont lont mau di jual ,Bullying
 bidadari sudah ditunjukan   bahwa mmg g pantes sma dajjal g tau diri ,Bullying
 siapapun tolong kasih tau aku ini masalah nya apaa gais ,Non-bullying
 dikasih hati yg malaikat milih yg berhati iblis greget   ,Bullying
 di kasih bidadari malah pilih kotoran ,Bullying
 dikasih bidadari malah minta lonte ,Bullying
 gajadi beli model murahan barang pasti murahan ,Bullying
 modelny aja murahan apalagi barangnya ,Bullying
 muka macem pengamen gegayaan selingkuh  untung udh ga sm jane lg  kebanting sm jane muke lu ,Bullying
 males beli gua gara gara ada lonte ,Bullying
 padahal bulug gini ya mukanya   ehh   maaf   ,Bullying
 padahal cantikan jessica kemana mana ,Non-bullying
 dikasih bidadari malah milih sampah ,Bullying
 yaelah muka pas an aja bangga lu njing ,Bullying
 wah ibarat lebih milih iblis daripada bidadari haha ,Bullying
  rangga kanahaya knp gk truck sampah  kek mukanya sampah ,Bullying
 gajadi beli  takut ketularan lonte nya ,Bullying
 hanya bisa melihat hujatan klean kasian si listy kontrak nya d copot   di hujat memang dunia sgt kejam ,Non-bullying
 jangan beli baju lonte entar kena sial ,Bullying
 dasar cewe lo itu lonte tau kau  ,Bullying
 disini pada kenapa dah  aku gapaham tolong ,Non-bullying
 itu ditengah manusia apa monyet kok kulitnya bercorak batik ,Bullying
 muka lu sama anjing gwe  lebih ganteng anjing gwe rik ,Bullying
 buat kalian para pens lonte jgn tkut listi miskin krna dipecat  krna dia bsa kaya lgi  dgn cara ya nglonte ,Bullying
 etdah ninggalin yang baik demi lonte  situ waras mas wkwk ,Bullying
 gw melihat cewek murahan di postingan ini ,Bullying
 yang kedua dari sebelah kanan itu batik apa orang dah  kok warna nya kek taek babi si  ,Bullying
 ih ko muka jelek banget siii serem kek setan ,Bullying
 itu yang foto ketiga jablay murahan bukan  ,Bullying
 jelek aja tukang selingkuh lo buriq      ,Bullying
 emang kalian se suci apa sampai nghina dia segitu nya ,Non-bullying
 mending yang follow pada unfollow udeh gausah ribet ,Non-bullying
 dekil tatoan  mampus karir lo hancurr pantek ,Bullying
 udah ada berlian malah milih batu nisan ,Bullying
 alasan setan ama setan  karna kalo setan sama bidadari  sayapnya rontok  diceker  digigit  dijambak  ,Bullying
 lagian juga erick gak ada akhlak jelek lagi listy juga jelek ,Bullying
 setan ma setan mahh emg cocokk udee ,Bullying
 lonte kurus pucet kek mayat hidup ,Bullying
 itu muka apa tutup panci wkwkekek jelek nya ampe ke ubun ubun ,Bullying
  xrickolim smngat trus bro tiada manusia yg sempurna kmu pasti bisa bangkit n jadi lebih baik gbu keepstrong ,Non-bullying
 bego anak orang udah ga perawan noh gara  lu wkwkw ,Bullying
 frustasi  sudah habis uangnya  kasihannn ,Bullying
 bro buat lu pada yg ngehujat erick tpi masih punya masala sendiri jangan sok keras ,Non-bullying
 semangat rick untuk usaha barunya ,Non-bullying
 hadehh muka kaya tong sampah   ,Bullying
 banyak banget omongan kasar disini  tobat lah kawan kawan   cukup comment kasar nya ,Non-bullying
 ni org jelek ga ada obat kok jj mau liat apa ya   ,Bullying
 semangat bang  walaupun banyak orang yang ngejudge lu  jangan peduliin mereka ,Non-bullying
 tuhan yesus baik semangat rick ,Non-bullying
 jangan di bales komen hate bang bikin sakit jempol  mending lanjut berkarya   ,Non-bullying
 eh lo nyadar ga   udah dekil terus tatoan  jadi nya kaya daki haha ,Bullying
 jelek dapet selingkuhan jelek juga keren yaa imbang wkkw ,Bullying
 wah ngehina fisik ni orang ga bener ya wkwkwkwk ,Non-bullying
 bunuh diri lah sono goblox ,Bullying
 sabar semua komentar ini ujian ,Non-bullying
 santai rick yg ngehujat lo belom tau perjalanan hidup lo aja  mereka hanya sok suci  ,Non-bullying
 yang sabar yah tetep semangat ngejar karirnya jangan dengerin kata orang mereka cuma bisa ngebacot di komen doank ,Non-bullying
 erick masuk neraka jalur selingkuh bos ,Bullying
 trs berkarya walaupun brd di titik sprti ini ,Non-bullying
 stop lah ngatain orang lain lu pada itu yg ngatain orang lain ngaca dlu sebelum ngatain kayak suci aja hidup lu pada ,Non-bullying
 yang ngatain keknya idupnya gapernag bikin kesalahan ,Non-bullying
 jadi gila kau rupanya karna gak laku lagi di youtube ,Bullying
 kasian yah sdh stress banyak masalah ,Bullying
 kok jatohnya malah kek ajg sih rikkk ,Bullying
 karir turun jadi autis kasian hahah ,Bullying
 erick yang kek gini yang gua kangenin  keep it up bruuh ,Non-bullying
 udah mau autis iya bg awokawkk ,Bullying
 kasian masih muda udah stresss ,Bullying
 banyak komen yg support malah ketutup yg hate bgst emang ig ,Non-bullying
 maudy cantik na natural bnr  cantik bgt  cantik luar dlm ,Non-bullying
 bikin konten youtube student life at standford  maudyayunda seperti waktu s  at oxford  fansmu pada nungguin nih  ,Non-bullying
 aura org pinter emg shining ya bun  hy dindut ,Non-bullying
 paket lengkap deh   udh cantik pintar lagi ,Non-bullying
 sukaa bnget sm artis ini  nggak neko    dan natural bngett ,Non-bullying
 cantik  pintar bertalenta  ortu mana yg gak kepengen punya anak kyk mba maudy ,Non-bullying
 idih mak lampir  dibanding uya ma lu  lu bagaikan butiran debu   lu dikenal karena bacot  rajin  ngaca deh ,Bullying
 anjirlah muka lo kek kuntilanak malah sok cantik ,Bullying
 mbak cadel yg bangga dengan cadelnya   harusnya sih kasihan karna cadel tapi lama  jadi jijik kenapa gak sekalian bisu aja ,Bullying
 uda pinter  cantik gak kebanyakan tingkah  perfect ,Non-bullying
 hati hati mody jangan keluar sendirian jaga jaga serangan brutal rasisme  wajahmu sekilas mirip onnie  korea  tetap waspada ,Non-bullying
 bikin konten youtube daily activity di stanford dong kak  maudyayunda ,Non-bullying
 motivasi ku ka maudy cantipp bngt ,Non-bullying
 semoga kecerdasan mbak maudy bermanfaat bagi agama  nusa  dan bangsa   aamiin ,Non-bullying
 damage nya cewek pinter gada lawann ,Non-bullying
 cantikan waktu berisi dulu  sekarang kurus bgt  kurus begini auranya kurang ,Bullying
 cantik sih  tapi sayang kurus ya  padahl udh nikah lo  kurang bahagia sama pernikahannya  ,Bullying
 masih good vibes walaupun sedang lapar ,Non-bullying
 kakak cantik bgt bismillah cerdasnya nular ,Non-bullying
 bego lu  alam semesta dan seisinya pun serentak murka mendengarkan lagumu ,Bullying
 dua  nya cantik banget masya allah ,Non-bullying
 ka nisa mirip ariana grande masa ,Non-bullying
 adiknya kak maudy  cantik  pinter  aura positifnya keluar  ramah  lemah lembut  rajin  sholeha ,Non-bullying
 sekilas yg abu mirip ariana grande haha ,Non-bullying
 yang satu nya mirip ariana grande ,Non-bullying
 kakak sama adek sama sama cantik ya aku suka sama dua duanya ,Non-bullying
 rambutnya kak modd bagussss  item berkilauu ,Non-bullying
 cantik semua congrats kak msuk nominsi tc candler ,Non-bullying
 maudy enak bet dah cantik iya pinter iya ,Non-bullying
 kukira dedeknya berdiri itu mau mukul bang jer pake ukulele  ternyata aku salah salah    ,Non-bullying
 bang jerome klo nyanyiny kek gini bagus suaranya ganyangkaaa ,Non-bullying
 sutan kamu sangat lucu dan menggemaskan ,Non-bullying
 bang sering sering dong buat vidio bareng sutan dia kayanya juga seneng ama bang jerom ,Non-bullying
 klu  jeromepoline buat video tapi berdua aja seharian sama anak kecil  hahah lucu juga gimana riwehnya ,Non-bullying
 muka lu kok cabul banget sih bg hahah ,Bullying
 dari raut mukanya aja udh terlihat seperti org kalah judi dan tidak pernah makan enak ,Bullying
 kak jerome kayak boneka tau hahah ,Non-bullying
 mukbang makanan sehat dong kak  salad jepang gituuu  ,Non-bullying
 yakinin dulu niatnya bg  semoga sukses ,Non-bullying
 bang  aku nonton kamu setelah aku kerja di jepang  bermanfaat bgt kontennya jd gampang kalo mau nyari apa apa di jepang ,Non-bullying
 cuman rumus diet ini yg ga bisa dipecahka ya bang  ,Non-bullying
 perut makin maju tpi semangat jangan tak maju ,Non-bullying
 pantesan kak jessica bilang bang jerom beruang wkwkwk ,Non-bullying
 aduhh susah klo urusan sma jerome rumus matematika terus bahasannya  apakah daya diriku yg lebih suka bhs inggris drpd matematika ,Non-bullying
 kaya tulus ya mukanya klo diliat  ,Non-bullying
 kak jerome  bagi trik biar bisa paham dan ingat cepat rumus matematika  dung   ,Non-bullying
 baru x ini baca caption harus mikir dan pakai kalkulator cuyyy hahaha ,Non-bullying
 sumpah si kak  kemeja jeans bikin keliatan seger bgt mantap mantap ,Non-bullying
 mirip ama aktor korea yg main di film reply      yg jadi kaka nya jung hwan wkwk ,Non-bullying
 iya bang jer terlihat berbeda klo pake style kayak gini lebih terlihat fresh anak gaul ,Non-bullying
 klo style ke gini pas gitu bang sma umur lu yg msh muda keliatan lbh fresh aja sesuai sma umur ,Non-bullying
 kok makin dewasa makin imutt aih cipaaaaaa ,Non-bullying
 maniss bangettt pengen dah punya senyuman manis kayak ka syifaaa ,Non-bullying
 nih orang manis bnget sihh ga ngerti lagi ,Non-bullying
 kakak pinter nyanyi ya  syifahadjureal  suaranya bagus kak ,Non-bullying
 gk salah kalo kak syifa cantik mamahnya aja cantik bgtt   jujurr ,Non-bullying
 lelaki yg mendapatkan km  adalah lelaki yg beruntung  ,Non-bullying
 kamu mirip bgt ayahmu kalo adikmu mirip bgt mamamu ,Non-bullying
 kakak udah cantik sii  tapi cantikan lagi kalo pake hijab ,Non-bullying
 gemeshh rasanya kaya aku pengen cubit ,Non-bullying
  angelkmgi ini paling cute sih  ganteng parah msh kecil jg ,Non-bullying
 pengen gw pacul mulut lo   woii anjeng busuk ,Bullying
 sering blg ke org  artis cewek yg menurutku paling cantik syifa sama ziu ,Non-bullying
 ka cipa tu uda cantik  baik  manis bgt pula  manisnya tu nglebihin gula ,Non-bullying
 dilihat sekilas pun tampak jelas kalau cantikkan syifa ,Non-bullying
 setuju g sih  si dia tetep cntik bgt meski g pke make up  lah aku g pke make up pucet bgt kyk g makan setahunn ,Non-bullying
 dahlahh emang cantik luar dalam kmu ini cippp ,Non-bullying
 muka cantik tanpa make up hini  bahagia bgt kali ya yg jadi suaminya  bisa liat bidadari setiap harinya  ,Non-bullying
 suka bgtt sm kak cipaa   orangnya humble sm semua orang dan banyak temannya juga ,Non-bullying
 artis remaja di indonesia yg manis bgt kalo senyum cuma dia deh perasaan yg nempel di hati ,Non-bullying
 aku doakan perempuan baik yg bernama nagita selalu sehat  bahagia lahir batin  dan banyak yang sayang sm dia   ,Non-bullying
 rafathar nya mantull ni  pulang nggk jd nginep karna nggk ada temen mamany d rmh papany belum pulangg   jd jagain dan temenin mama dulu  ya aa ,Non-bullying
 kultur kerja kaya gini menurut gw bagus si ga kapitalis banget  petingginya juga ikut kerja misal ngevlog atau endors  semoga gaji juga ga senjang si haha ,Non-bullying
 pantas pada senang kerja di rans   mbak gigi nggak ngebossy   ,Non-bullying
 seneng yaa lihat orang sukses meeting  ya allah pengen sukses kayak gitu biar ada status di instastory ,Non-bullying
 smga semua kelg dan crew sehat semua   dan rejeki trs lancar ya kak gigi   ,Non-bullying
 fokus ke nagita pas mau minum masih sempet baca doa  keren bgt hasil dari didikan orang tua nya ,Non-bullying
 kasihan ya   nagita punya suami kerjaannya berzinah terus ,Bullying
 koreaable banget face rafathar cakep ganteng manis banget ,Non-bullying
 masyaallah rafathar tambah besar makin tambah ganteng bgt gk kuat ngeliat alisny  ,Non-bullying
 kok mirip siwon ya lama   apa perasaan gw aja  ,Non-bullying
 lucunya berasa kayak kaka dan adek ,Non-bullying
 itu wajah nagita kya masih umur   an ,Non-bullying
 foto no edit edit ya saayy kamera nyaa bening    model fotonya pun juga bening gak perlu pakai filter tipu tipu ,Non-bullying
 look nya rafathar emang gak bisa dipungkiri  diborong gen mama gigi semua haha  ,Non-bullying
 nagita masa kaya anak muda coba cantikk bangeett ,Non-bullying
 masyaallah mamany cantik anakny ganteng  perfect ,Non-bullying
 kaya adek kakak   kak gigi keliatan muda banget ,Non-bullying
 tambah gede aja rafathar ya tambah pinter ya rafathar ,Non-bullying
 mama gigi kalau rambutnya agak pirang tambah cantik dan tampak lebih muda ,Non-bullying
 ootd mama gigi simple tapi elegan dilihat nya  masyaallah ,Non-bullying
 masyaallah mamah gigi bening bet dah  sehat selalu mamah gigi dn keluarga ,Non-bullying
 mama gigi ketemu gajah  gajahnya seneng sampai ketawa gitu ahhaha  ,Non-bullying
 ya allah ga tau knp ak suka setiap lihat nagita pake dress modelnya cakep cakep ,Non-bullying
 i see beauty in everything mba gigi sehat selalu sama dede bayi nya ,Non-bullying
 mama gigi cantik banget  look younger than her age   love mama gigi ,Non-bullying
 semoga adeknya rafathar menjadi anak yang tangguh kuat cerdas ,Non-bullying
 pakaian apapun yg dipake mama gigi selalu keceee ,Non-bullying
 terima kasih kak nagita  raffinagita     sudah support molly si gajah dan satwa satwa di bali zoo lainnya dengan kunjungannya bersama keluarga ,Non-bullying
 kaya ny gajahnya merasakan aura positif nya mb gigi itu  kelihatan sumringah jg gajahnya loo   ,Non-bullying
 manis banget mbak gigi   masya allah   hamil semakin bersinar   ,Non-bullying
 mama gigi gapernah ga cantik sih kalo menurut aku  ,Non-bullying
 semoga sehat selalu bayi dalam kandungan nya sama ibunya ya  ,Non-bullying
 cantik banget semoga sehat selalu kakak panutan ,Non-bullying
 masyaallah selalu mempesona baik kaum adam maupun kaum hawa ,Non-bullying
 gak ada orang lain yang bangun tidur siang secantik ini selain ka yaya ,Non-bullying
 makin tua makin muda yehh mukanya  mana cantik bngett mo nangiss ampun cantik terus ka yaya ,Non-bullying
 gapaham lagi cakeup nya natural masyaallah ,Non-bullying
 raisa mah tipe cantik tapi sopan santun pakaiannya ,Non-bullying
 ka yayaaa  why are you always stunning pretty girl  ,Non-bullying
 ya allah ni orang apa peri  cantik amatt ,Non-bullying
 kenapa cantik banget aku heran dilihat dari samping kanan kiri depan dll tetep aja cantik ,Non-bullying
 bisa berhenti cakep ga kakk  pusingggg ih ,Non-bullying
 cantik bajunya keren warnanya bikin pangling ,Non-bullying
 sudah dongggg dan sudah di liked juga   congratulations ,Non-bullying
 udaaaahh nontonnnnn   lagunya bajunya makeup dan hairdo nyaaa sukaakkkk ,Non-bullying
 raisa sekarang ngak monoton   jadi suka deh   sering  kek gini   ,Non-bullying
 udah dong  lagi ngunyah aja cute banget ,Non-bullying
 penyihir secantik ini gue rela dikutuk jadi tokek laut ,Non-bullying
 ya ampun kak makan apa sih kok bisa cantik banget ,Non-bullying
 ya allah kek anak yg msh batita klo lg ngambek manyunnya begitu  gemes hahaha ,Non-bullying
 aku udah  dan sumpah bagus banget  serasa liat cerita disney gitu ,Non-bullying
 lu lebih gak sopan  mukak lu kayak babi  ,Bullying
 ya allah kenapa begitu sempurna sih ciptaanmu yg satu in ,Non-bullying
 ragu aja cantiknya udh kek gini  gmn kl yakin yak  cantiknya kek apa  heran ,Non-bullying
 bukan keliatan ragu  tapi keliatan cantik ,Non-bullying
 warna yang paling bikin raisa makin shinning itu merah  hitam  putih  pink and emerald ,Non-bullying
 raisa pake baju merah sumpahh cantik bgttt ,Non-bullying
 liriknya pendek tp susah di hafal pas awal awal  begitu di puter beberapa kali eh kok candu banget ,Non-bullying
 demi apa  kak yaya gk pernah ngeraguin para pendengar lagu  nya ,Non-bullying
 ka yaya kalo ragu tetep secantik itu yah     ,Non-bullying
 ragu aja cantik kan kak  apalagi kalau serius ,Non-bullying
 ngga alay  ngga muluk muluk  natural  sukaaaa,Non-bullying
 seru bgt gemoy  tim berkebun plus tim alam bgt niiii ,Non-bullying
 nikmatnya bisa menghirup oksigen dengan bebas ya    ,Non-bullying
 slide kedua mukanya mau gaya apa aja tetep cantikk ,Non-bullying
 mba isyana foto gelap an gini aja aesthetic bgt ya ,Non-bullying
 mba isyana udah cantik suaranya bagus kompeten pula  ah sukaaaa ,Non-bullying
 ga taulah aku juga suka banget sama gayanya isyan ,Non-bullying
 kangen nonton konser isyan secara lgsg  meskipun msh bisa virtual  cuma experience nya lebih dapat aja gitu ,Non-bullying
 congrats ka  isyanasarasvati  terus berkarya  makin sukses  dan terus mnjd inpirasi kita semua  ,Non-bullying
 congrats kak  kamu memang pantes mendapatkannya ,Non-bullying
 saya berharap kak  isyanasarasvati panjang umur  sehingga bisa jadi inspirasi untuk musisi seluruh indonesia  saya suka musik indonesia dengan adanya kak isyana ,Non-bullying
 udah cantik  rada gesrek tapi ya ini banyak kelebihannya  semangat tetap produktif ,Non-bullying
 gatau lagi  serasa nonton wtf beneran di jkt meski virtual and thankyouu for the performance kak syan  selalu keren dan pecah  tak pernah sekalipun mengecewakan ,Non-bullying
 walaupun ga pernah lihat ka isyana live beneran di panggung  tp aku terpesona bgt ama live virtual asli keren ,Non-bullying
 yash we the fest even virtual tapi tetep keren bgt kak syann huaaa energi nya dpt bgt ,Non-bullying
 keren banget    walaupun sebentar tapi mantap abis  ditunggu karya selanjutnya ya kak  stay safe and healthy isyana ku ,Non-bullying
 makaseh jugaa kakaaa inyeeuuuu semoga aku bisa pantang menyerah seperti kakak dan teman musisi lainnya yaaa ,Non-bullying
 thank you juga  syan  seneng banget kemarin haha  semoga setelah pandemi ini  semua rencana dilancarkan ya  syan  ,Non-bullying
 hua seneng bgt kmrn walaupun cuma    menitan tp seneng liat isyan  adaptasi kebiasaan baruku semoga bisa lebih teratur maemnya  ditunggu karya selanjutnya kaka ,Non-bullying
 senang akhirnya indonesia bisa mempunyai musisi idealis berkualitas tinggi yg masih bisa terus berkarya   diapresiasi oleh banyak orang  ,Non-bullying
 berharap bisa menghadirkan musisi dgn genre yang lain dr yg sudah ada di industri  biar musik indonesia lebih berwarna ,Non-bullying
 congrats kak isyan semoga semua impian impian baiknya segera bisa terwujud aamiin ,Non-bullying
 bener bener idola  dr musisi yang dipandang sebelah mata sampe buat label musik sendiri  congrats syan ,Non-bullying
 congrats kak isyan semoga karya nya apa yg dilakukan kakak sukses teruss ,Non-bullying
 orang ini terlihat sangat sangat stres dan gila ,Bullying
 gua kalai jadi tuhan gaakan gua jadiin dia ini manusia  lebih pante ga hidup ini orang di dunia  akhlaknya gaada tolol bangsat ,Bullying
 biasa nya aq nangis kalo lagu nya seiihh  kalo sekarang nangis karna saking bagus nya lagu nya ,Non-bullying
 definisi minat ketemu bakat ketemu kerja keras ,Non-bullying
  vnagstn astaga si isyana keren banget ini  bisa ada musisi lokal yang selera musiknya kayak gini ,Non-bullying
 mashaallah  udh cantik  pinter  jago nyanyi dn mainin alat musik pula neng  isyanasarasvati ngefans bener ini mah ,Non-bullying
 gilaaaa   gila   gilaaaa tangan  kaki  ekspresi  n emosi tertuang adi suatu karya yg fantastis ,Non-bullying
 gosh  tiap kali lihat isyana mainin alat musik kaya lihat jiwanya beda  merinding gila  kaya kepribadiannya jadi serius bangett ,Non-bullying
 sumpah demi allah bagus bangett kereennn merinding ak nya   dengerin sampe abis tiba  aja ampe netesin air mata ,Non-bullying
 aku memutuskan untuk menjadi fans isyana  gila keren banget ya  otak mereka berdua bisa berfungsi dg menjalankan perintah ke tangan dan kaki  di waktu bersamaan ,Non-bullying
 amzing isyanaa   jujur aku amazed banget dengan skill dan minat isyana dalam bermusik  ga cuma bernyanyi tapi main alat musik pun jago banget ,Non-bullying
 paling ngiri liat orang keren maen alat musik dan dalem banget nikmatin permainan sendiri ,Non-bullying
 sampe ga bisa berkata  lagi buat isyana  sangat  sempurna org ini ,Non-bullying
 inimah bukan main alat musik lagi  olahraga jari dan kaki ini mah ,Non-bullying
