Komentar,Preprocessed Text,Sentiment
"""Kaka tidur yaa, udah pagi, gaboleh capek2""",kaka tidur yaa udah pagi gaboleh capek2,bulliying
"""makan nasi padang aja begini badannya""",makan nasi padang aja badannya,non-bulliying
"""yang aku suka dari dia adalah selalu cukur jembut sebelum manggung""",suka cukur jembut manggung,bulliying
"""Hai kak Isyana aku ngefans banget sama kak Isyana.aku paling suka lagu kak Isyana itu lagu tetap didalam jiwa""",hai kak isyana ngefans banget kak isyanaaku suka lagu kak isyana lagu didalam jiwa,non-bulliying
"""Manusia apa bidadari sih herann deh cantik terus üòå‚ô•Ô∏è""",manusia bidadari sih herann deh cantik üòå‚ô•Ô∏è,non-bulliying
"""@ayu.kinantii isyan skrg berubah ya:( baju nya nakal""",ayukinantii isyan skrg berubah ya baju nya nakal,non-bulliying
"""Gemesnya isyan kayak tango, berlapis lapis ciaaaa""",gemesnya isyan kayak tango berlapis lapis ciaaaa,non-bulliying
"""Makin jelek aja anaknya, padahal ibu ayahnya cakep2""",jelek aja anaknya ayahnya cakep2,bulliying
"""Kok anaknya kayak udah tua gitu ya mukanya kk tasya""",anaknya kayak udah tua gitu ya mukanya kk tasya,bulliying
"""Muka anak nya ko tua banget yaa.. GK ngegemesin GK ada lucu2nya""",muka anak nya ko tua banget yaa gk ngegemesin gk lucu2nya,bulliying
"""Muka nya muka kolot wkwk bukan muka bayi2 lucu gt""",muka nya muka kolot wkwk muka bayi2 lucu gt,bulliying
"""Udah gila sekarang ini orang wkwk, udah jomblo jadi psikolog ga laku, ya jadilah seperti itu""",udah gila orang wkwk udah jomblo psikolog ga laku ya,bulliying
"""Lo sintingnya udah tingkat dewa""",lo sintingnya udah tingkat dewa,bulliying
"""Sepertinya Lutfi setelah putus dgn salsa seperti orang stress""",lutfi putus dgn salsa orang stress,bulliying
"""ANAK TOLOL INI MULAI AKTIF YA BUND""",anak tolol aktif ya bund,bulliying
"""bisa mati aja ga? gedeg gua liat lu. ANJIM""",mati aja ga gedeg gua liat lu anjim,bulliying
"""Woy Lutfi asu , sok asik Lo ANJING !""",woy lutfi asu sok asik lo anjing,bulliying
"""Apasih kontol berantem aja lah ayo bngst @lutfiagizal""",apasih kontol berantem aja ayo bngst lutfiagizal,bulliying
"""Ibu kamu pelakor plus hamil di luar nikah ya? Pantesan anaknya kyk gini modelannya""",pelakor plus hamil nikah ya pantesan anaknya kyk gini modelannya,bulliying
"""Anaknya udh pinter, maknya yang kelempengan.. berasa masih baby, tingginya azka aj melebihi mamanya..""",anaknya udh pinter maknya kelempengan berasa baby tingginya azka aj melebihi mamanya,bulliying
"""Anak yg cerdas terbentuk dr pola asuh sekaligus pola didik ortu yg cerdas pula sih pada saranya. Sesimple itu""",anak yg cerdas terbentuk dr pola asuh pola didik ortu yg cerdas sih saranya sesimple,non-bulliying
"""Setengah iri setengah jadi motivasi ini""",iri motivasi,non-bulliying
"""Ancur hidup lu kalau sama dia‚Ä¶ Sumpah..""",ancur hidup lu dia‚Ä¶ sumpah,bulliying
"""serem banget muka lo mel kayak ayam potong merah banget""",serem banget muka lo mel kayak ayam potong merah banget,bulliying
"""Yaudah jd pengusaha kuliner aja gausah artis, makanannya emang bikin ngiler sih wkwkw""",yaudah jd pengusaha kuliner aja gausah artis makanannya emang bikin ngiler sih wkwkw,non-bulliying
"""Kamu emang cocoknya jadi pengusaha kuliner udah fixs. Semoha lancat terusssss""",emang cocoknya pengusaha kuliner udah fixs semoha lancat terusssss,non-bulliying
"""Tak sejelek IMAGE Owner ya..? Artis ups bukan Artis? Hallo secara tidak langsung semua orang itu tau IMAGE lu jelek gentong!""",sejelek image owner ya artis ups artis hallo langsung orang tau image lu jelek gentong,bulliying
"""Apaan sih gak jelas hidupnya""",sih gak hidupnya,bulliying
"""Sebelum aku Unfoll, aku mau bilang NAJISSSS""",unfoll bilang najissss,bulliying
"""muka lu sensual tapi norak kenapa dah""",muka lu sensual norak dah,bulliying
"""Udah gk jaman ngebully orang hey netizen mending ngaca dari kekurangan sendiri""",udah gk jaman ngebully orang hey netizen mending ngaca kekurangan,non-bulliying
"""Kalau pas penempatannya, sebenernya kamu imut banget loh mel.""",pas penempatannya sebenernya imut banget loh mel,non-bulliying
"""Cakep kaga jelek iya HAHAH""",cakep kaga jelek iya hahah,bulliying
"""jari jari kaki kayak jarinya tukang panggul""",jari jari kaki kayak jarinya tukang panggul,bulliying
"""Kakinya kek lagi hamil tua ya bun, semacam kaki gajah @ayuugsia""",kakinya kek hamil tua ya bun kaki gajah ayuugsia,bulliying
"""Suka heran sama yg ngehina fisik,, ternyata bener ya kita semua pendosa dengan cara kita sendiri,,""",suka heran yg ngehina fisik bener ya pendosa,non-bulliying
"""Ini diedit biar langsing padahal mah klo live bomber badannya""",diedit biar langsing mah klo live bomber badannya,non-bulliying
"""Kakinya gedong sayyy kek kaki jantan‚Ä¶ Upp kan dia suka berbaur ama warwerwor.. Mahluk astral.. Yg kakinya gedong""",kakinya gedong sayyy kek kaki jantan‚Ä¶ upp suka berbaur ama warwerwor mahluk astral yg kakinya gedong,bulliying
"""Bagusan foto pakai masker drpd gak pakai masker""",bagusan foto pakai masker drpd gak pakai masker,non-bulliying
"""@rosameldianti_ kakak foto sebelum ini. kenapa Memeknya Keliatan Tebal???? Memeknya kakak Lagi Bengkak yah???""",rosameldianti kakak foto memeknya keliatan tebal memeknya kakak bengkak yah,bulliying
"""Bra nya kedodoran kak make ukuran gede yaa""",bra nya kedodoran kak make ukuran gede yaa,non-bulliying
"""Nah ini cantik seneng. Usahanya membuahkan hasil. Semangat ya mel semoga menjadi pribadi yang lebih baik lagi""",cantik seneng usahanya membuahkan hasil semangat ya mel semoga pribadi,non-bulliying
"""mba bisa gk sih, kalau gk merem melek gitu matanya kaya orang cacingan""",mba gk sih gk merem melek gitu matanya kaya orang cacingan,bulliying
"""Semoga lancar terus usahanya mel""",semoga lancar usahanya mel,non-bulliying
"""Cantik banget kalo meldi muka natural kek gini""",cantik banget kalo meldi muka natural kek gini,non-bulliying
"""Lu diem aja cantik mel kalo ga banyak gaya serius""",lu diem aja cantik mel kalo ga gaya serius,non-bulliying
"""Kaku kek kanebo kering hahaha""",kaku kek kanebo kering hahaha,bulliying
"""Semakin glowing say‚Ä¶ natural kayak gini bagus tambahin prestasi nya ya say""",glowing say‚Ä¶ natural kayak gini bagus tambahin prestasi nya ya say,non-bulliying
"""Meldi, emaknya buka klinik totok aura kayaknya anaknya gak pernah ditotok ya‚Ä¶ auranya gak keliatan yg ada malah butek""",meldi emaknya buka klinik totok aura kayaknya anaknya gak ditotok ya‚Ä¶ auranya gak keliatan yg butek,bulliying
"""Karena muka lo pasaran mel, di pasar sapi juga ada yang mirip noh""",muka lo pasaran mel pasar sapi noh,bulliying
"""Maap kalau gua sering nyamain lu sama dugong soalnya emang mirip""",maap gua nyamain lu dugong emang,bulliying
"""Iya lo kamu mirip monyet mel""",iya lo monyet mel,bulliying
"""Bagusan pantat panci aing atuh anjir""",bagusan pantat panci aing atuh anjir,bulliying
"""Ya emang ga ada yang sama soalnya muka kamu sama dengan muka badak, muka beton, ga ada malu,,,""",ya emang ga muka muka badak muka beton ga malu,bulliying
"""Kok mbak meldi sekarang tambah cantik ya rahasianya apa..""",mbak meldi cantik ya rahasianya,non-bulliying
"""Lengannya gempal banget sih HAHA""",lengannya gempal banget sih haha,bulliying
"""Fix yang komen semua nyela""",fix komen nyela,non-bulliying
"""Udah ka gausah digubris gausah dipikirin. Bersyukur aja sama nikmat tuhan yang udah dikasih ke kaka. Gausah juga ngatain orang ka, tetep bersyukur atas nikmatnya""",udah ka gausah digubris gausah dipikirin bersyukur aja nikmat tuhan udah dikasih kaka gausah ngatain orang ka tetep bersyukur nikmatnya,non-bulliying
"""Jari jari nya gede gede banget, apalagi pas ngiklan makan ikan danau hambar, jarinya kayak jempol semua hawak bener""",jari jari nya gede gede banget pas ngiklan makan ikan danau hambar jarinya kayak jempol hawak bener,bulliying
"""Jangan disamain muka @rosameldianti_ sama orang oi. Mintanya disamain sama babi""",disamain muka rosameldianti orang oi mintanya disamain babi,bulliying
"""Ga ada yang dibawah Meldi, semuanya setara, ada kekurangan ada kelebihan""",ga dibawah meldi setara kekurangan kelebihan,non-bulliying
"""Ka mel gausah merendahkan orang lain. Bersyukur aja diatas langit juga masih ada langit lagi""",ka mel gausah merendahkan orang bersyukur aja diatas langit langit,non-bulliying
"""Mukanya kalau gak dibantu kamera dekil dan kumel""",mukanya gak dibantu kamera dekil kumel,bulliying
"""Semua wanita cantik, jangan suka merasa lebih ah""",wanita cantik suka ah,non-bulliying
"""Meldi udah dapat kontrak endorse skincare ya tapi kok mukanya tetap jelek si?""",meldi udah kontrak endorse skincare ya mukanya jelek si,bulliying
"""Gila Netizen pada sempurna ngehina orang terus""",gila netizen sempurna ngehina orang,non-bulliying
"""Semua dah pada ngembang‚Ä¶ habis di berapa cowo meldi?... enak ya di otak atik""",dah ngembang‚Ä¶ habis cowo meldi enak ya otak atik,bulliying
"""Karena muka kayak elo pasaran dan murah‚Ä¶""",muka kayak elo pasaran murah‚Ä¶,bulliying
"""Muka buluk kepedean lagi.. muka udah tua""",muka buluk kepedean muka udah tua,bulliying
"""Muka lu kaya tai wkwkwk""",muka lu kaya tai wkwkwk,bulliying
"""Sakit jiwa ini upil gajah‚Ä¶ Kasihan""",sakit jiwa upil gajah‚Ä¶ kasihan,bulliying
"""Jelek macam buntut kuali hahaha""",jelek buntut kuali hahaha,bulliying
"""Meldi tambah kurusan sekarang ya??? Cantik walaupun tanpa make up‚Ä¶""",meldi kurusan ya cantik make up‚Ä¶,non-bulliying
"""Elu juga semoga semakinlebih baik dalam segala hal, terutama akhlak dan etikanya""",elu semoga semakinlebih akhlak etikanya,non-bulliying
"""Mbak mell sehat dan sukses ya""",mbak mell sehat sukses ya,non-bulliying
"""Aamiin. Doa baik juga untuk Meldi""",aamiin doa meldi,non-bulliying
"""Selamat tahun baru mbak, semoga jadi pribadi yang lebih baik amin""",selamat mbak semoga pribadi amin,non-bulliying
"""Meldi ini lama lama cantik loh tinggal dibenerin akhlak dan adabnya pasti makin sip""",meldi cantik loh tinggal dibenerin akhlak adabnya sip,non-bulliying
"""Pengambilan fotonya sudah bagus mantap dan keren.. tinggal pengambilan ARWAH nya aja yang belum""",pengambilan fotonya bagus mantap keren tinggal pengambilan arwah nya aja,non-bulliying
"""Nggak ada cantik-cantik nya hahaha""",nggak cantikcantik nya hahaha,bulliying
"""Kasian editornya sih ini, nanggung dosa banget kayaknya ngeditnya offside gini""",kasian editornya sih nanggung dosa banget kayaknya ngeditnya offside gini,bulliying
"""Lama lama mirip dewi persik ya""",dewi persik ya,non-bulliying
"""pada julid padahal kan meldi gak nyusahin kalian""",julid meldi gak nyusahin,bulliying
"""ini foto apa w masukin museum aja ya ga ada pantas2nya""",foto w masukin museum aja ya ga pantas2nya,bulliying
"""Nggak ngumpul bareng mami isa lagi kan kamu yang paling gembrot disana""",nggak ngumpul bareng mami isa gembrot disana,bulliying
"""Lagu lu ga ada yang laku ya mel??""",lagu lu ga laku ya mel,non-bulliying
"""Lututnya masih hitam gosok maning biar tambah cling dan cantik""",lututnya hitam gosok maning biar cling cantik,bulliying
"""Suka heran sama warga +62 sukanya ngehujat orang mulu, dapat pahala kagak dosa mah iya""",suka heran warga 62 sukanya ngehujat orang mulu pahala kagak dosa mah iya,non-bulliying
"""Tambah cantik aja rosa meldianti""",cantik aja rosa meldianti,non-bulliying
"""Jadi diri sendiri, jangan jadi ular apalagi dugong""",ular dugong,bulliying
"""Saya kok suka ya sama mereka harmonis""",suka ya harmonis,non-bulliying
"""Cantik banget kalau pakai baju kayak gitu""",cantik banget pakai baju kayak gitu,non-bulliying
"""Jujur ya kamu kalo anteng ga buat masalah cantik mel""",jujur ya kalo anteng ga cantik mel,non-bulliying
"""Cowoknya ga ada cakep cakepnya""",cowoknya ga cakep cakepnya,non-bulliying
"""Di foto tirus.. Kalo di video wariorr kok mukanya kek donat gak ada bentuknya""",foto tirus kalo video wariorr mukanya kek donat gak bentuknya,bulliying
"""Dari sekian banyak foto yang diposting, ini yang paling cantik""",sekian foto diposting cantik,non-bulliying
"""Artis abal-abal.. Muka putih tangan hitam‚Ä¶ ager2 ATM nya udah isi berapa sekarang""",artis abalabal muka putih tangan hitam‚Ä¶ ager2 atm nya udah isi,bulliying
"""Itu muka kayak penuh tekanan banget""",muka kayak penuh tekanan banget,bulliying
"""@rosameldianti_ cowokmu wajah nya culun dan cupu kayak om2""",rosameldianti cowokmu wajah nya culun cupu kayak om2,bulliying
"""Masyaallah cantik terlihat sopan dan anggun""",masyaallah cantik sopan anggun,non-bulliying
"""Kang ojek kali belang tangannya""",kang ojek kali belang tangannya,bulliying
"""Seneng liat pasangan ini cewenya di hujat 1 indonesia tapi dia tetep setia nemenin""",seneng liat pasangan cewenya hujat 1 indonesia tetep setia nemenin,non-bulliying
"""Dia memutuskan menjadi tumbal apartment""",memutuskan tumbal apartment,bulliying
"""makin cantik mel, semangat dietnyaa""",cantik mel semangat dietnyaa,non-bulliying
"""Itu tangan apa paha haha‚Ä¶.""",tangan paha haha‚Ä¶,bulliying
"""Mel disini kamu keliatan cakep""",mel keliatan cakep,non-bulliying
"""Mukanya kayak lagi ngeden pas boker""",mukanya kayak ngeden pas boker,bulliying
"""Aduuh.. terlalu halu.. hhahaha lebay editan nyaa lemak kemana lemak‚Ä¶ hahhaaa.. mimpi ketinggian..""",aduuh halu hhahaha lebay editan nyaa lemak kemana lemak‚Ä¶ hahhaaa mimpi ketinggian,bulliying
"""salfok sama kaki, tapi cantik banget asli""",salfok kaki cantik banget asli,non-bulliying
"""@_dy1412 buset cantik diedit aja mba, coba dah aslinya dah kayak buntelan kentut‚Ä¶""",dy1412 buset cantik diedit aja mba coba dah aslinya dah kayak buntelan kentut‚Ä¶,bulliying
"""atas bawah hitam putih, kek kopi luwak""",hitam putih kek kopi luwak,bulliying
"""Palsu badane diedit semua tu, aslinya dimana2 lemak""",palsu badane diedit tu aslinya dimana2 lemak,bulliying
"""Udah dapat kontrak dari skincare ttp aja buluk mel""",udah kontrak skincare ttp aja buluk mel,bulliying
"""heran sama netizen klo gk suka jangan diliat aja""",heran netizen klo gk suka diliat aja,non-bulliying
"""sukses selalu yah ka @rosameldianti_ semangat""",sukses yah ka rosameldianti semangat,non-bulliying
"""Jujur aku lebih suka meldi yang sekarang daripada yang dulu suka ngehujat orang""",jujur suka meldi suka ngehujat orang,non-bulliying
"""sumpah aslinya muka lo lebar kayak baskom loh mel @rosameldianti_""",sumpah aslinya muka lo lebar kayak baskom loh mel rosameldianti,bulliying
"""Berkarya teros meldi walo ga ada yg nuntun kamu.""",berkarya teros meldi walo ga yg nuntun,non-bulliying
"""Astaghfirullah, seram sekali ya bun seperti ular jelmaan makhluk halus ya bun""",astaghfirullah seram ya bun ular jelmaan makhluk halus ya bun,bulliying
"""Dan yang paling saya heran cowokpun ikut ngebully, sabar meldi.""",heran cowokpun ngebully sabar meldi,non-bulliying
"""Astaga‚Ä¶ Ratu edit muka.. Sumpah seren kayak film setan2 gitu‚Ä¶..""",astaga‚Ä¶ ratu edit muka sumpah seren kayak film setan2 gitu‚Ä¶,bulliying
"""Matanya kayak katarak anjir AHAHAH""",matanya kayak katarak anjir ahahah,bulliying
"""Caption aja COPAS! Cantumin credit dong, dasar iblis""",caption aja copas cantumin credit dasar iblis,bulliying
"""Unfoll aja daripada kalian dosa ngebully2 terus..""",unfoll aja dosa ngebully2,non-bulliying
"""Meldi aku perhatikan kamu seperti orang china deh.. cantik""",meldi perhatikan orang china deh cantik,non-bulliying
"""Editan softlensnya keluar itu mbaknya, kayak ratu titisan ular kamu wkwkwk""",editan softlensnya mbaknya kayak ratu titisan ular wkwkwk,bulliying
"""Kasihan ular dibawa bawa kamu gak pantas jadi ular pantasnya jadi bunglon atau buaya..""",kasihan ular dibawa bawa gak ular pantasnya bunglon buaya,bulliying
"""Maju trus ya sayang.. abaikan orang2 yg comment menyakitkan""",maju trus ya sayang abaikan orang2 yg comment menyakitkan,non-bulliying
"""Kasihan ya kamu @rosameldianti_ Hidup sekali cuman buat bahan hujatan masyarakat‚Ä¶ Mubadzir banget deh hidup lo‚Ä¶ Napa gak bunuh diri aja?""",kasihan ya rosameldianti hidup cuman bahan hujatan masyarakat‚Ä¶ mubadzir banget deh hidup lo‚Ä¶ napa gak bunuh aja,bulliying
"""Semangat mel, bahasa asing mah yang penting kita berani pasti entarnya bisa""",semangat mel bahasa asing mah berani entarnya,non-bulliying
"""Beda sama d foto yaa.. Disini lebar banget mukanya maaf itu kalau foto editan ya""",beda d foto yaa lebar banget mukanya maaf foto editan ya,bulliying
"""Meldi meskipun kadang mulut ku tak bisa di rem karena kehaluanmu, tapi aku bangga akan berusaha mu, yuhuuu""",meldi kadang mulut ku rem kehaluanmu bangga berusaha mu yuhuuu,bulliying
"""Lupa di edit ya tu muka melar""",lupa edit ya tu muka melar,bulliying
"""Semangatt, kesalahan dalam belajar bahasa asing itu penting. Karena itu pembelajaran utamanya, supaya kesalahannya ga terulang""",semangatt kesalahan belajar bahasa asing pembelajaran utamanya kesalahannya ga terulang,non-bulliying
"""Kereennnn.. dari bully.an netizen menjadikanmu mau belajar""",kereennnn bullyan netizen menjadikanmu belajar,non-bulliying
"""Hiiihhh jiik lihat nih orang‚Ä¶ auranya buruk bgt gak ada manis manisnya""",hiiihhh jiik lihat nih orang‚Ä¶ auranya buruk bgt gak manis manisnya,bulliying
"""Semangat untuk belajar ya‚Ä¶ saya uga gak bisa bahasa inggris""",semangat belajar ya‚Ä¶ uga gak bahasa inggris,non-bulliying
"""Yang penting ada niat.. dan keberanian""",niat keberanian,non-bulliying
"""Salut Mel.. semangat belajar, yg ngetawain juga belum tentu bisa Dan berani..""",salut mel semangat belajar yg ngetawain berani,non-bulliying
"""Gpp Mel semangat buat belajar trusssss jangan gampang nyerah pokoknya @rosameldianti_""",gpp mel semangat belajar trusssss gampang nyerah pokoknya rosameldianti,non-bulliying
"""Setidaknya dia ngaku. bukan belagak pintar""",ngaku belagak pintar,non-bulliying
"""Masih jauh kalo ngarep bisa ikutan kontes miss earth , makanya dari kecil les inggris biar lidahnya gak keseleo""",kalo ngarep ikutan kontes miss earth les inggris biar lidahnya gak keseleo,bulliying
"""Cuma di postingan ini ya bund netizen sedikit yang menghujat""",postingan ya bund netizen menghujat,non-bulliying
"""Happy birthday Mel sehat dan Sukses yah, Aamiin""",happy birthday mel sehat sukses yah aamiin,non-bulliying
"""Happy Birthday kak Meldi yang imut n ngegemesin. Tambah sukses selalu""",happy birthday kak meldi imut n ngegemesin sukses,non-bulliying
"""Ya ampun ketiak dan lemaknya editan parah wkwk""",ya ampun ketiak lemaknya editan parah wkwk,bulliying
"""Ketiaknya habis di amplas mel, alus banget""",ketiaknya habis amplas mel alus banget,bulliying
"""Udah diedit gitu, ketiak lu tetap hitam""",udah diedit gitu ketiak lu hitam,bulliying
"""Selamat ulang tahun mel, udah yah jangan banyak tingkah""",selamat ulang mel udah yah tingkah,non-bulliying
"""Mukanya kuning banget kaya kunyit""",mukanya kuning banget kaya kunyit,bulliying
"""Selamat ulang tahun meldi sukses dan sehat terus ya‚Ä¶.""",selamat ulang meldi sukses sehat ya‚Ä¶,non-bulliying
"""Fotonya lainnya jangan yang ini, kan masih banyak yang lebih cantik ihhh biar gak kena hujat kamu ihh, aku mah kasihan""",fotonya cantik ihhh biar gak kena hujat ihh mah kasihan,bulliying
"""HBD meldi‚Ä¶ Semoga sukses selalu dan panjang umur dan rejekinya di lancarkan.. Amin""",hbd meldi‚Ä¶ semoga sukses umur rejekinya lancarkan amin,non-bulliying
"""Perasaan kemarin lengannya kekar banget kek petinju, udah gitu ketiaknya juga hitam. Kok difoto ini lengannya jadi kecil, ketiaknya putih kek dibedakin""",perasaan kemarin lengannya kekar banget kek petinju udah gitu ketiaknya hitam difoto lengannya ketiaknya putih kek dibedakin,bulliying
"""Selamat Ulang Tahun kak @rosameldianti_, banyaknya sadar dan jangan pansos lagi yah. Amin""",selamat ulang kak rosameldianti banyaknya sadar pansos yah amin,non-bulliying
"""Hbd cantik semoga kedepannya tambah sukses""",hbd cantik semoga kedepannya sukses,non-bulliying
"""Hbd mbak mel tambah cantik di panjangkan umurnya dan sehat selalu""",hbd mbak mel cantik panjangkan umurnya sehat,non-bulliying
"""berdiri di kaki sendiri lebih baik""",berdiri kaki,non-bulliying
"""Biar di edit2 kaya apa juga tetap aja ketiak hitam nya ga bisa di bohongin""",biar edit2 kaya aja ketiak hitam nya ga bohongin,bulliying
"""Sumpah demi apapun.. Lengan nya gede banget""",sumpah apapun lengan nya gede banget,non-bulliying
"""Selamat ulang tahun panjang umur sampai ketemu dajjal""",selamat ulang umur ketemu dajjal,non-bulliying
"""Ketiak hitam buluk mau lu edit nutupin daki diketek lu tetap aka hitam ketiak lu, dasar Dugong @rosameldianti_""",ketiak hitam buluk lu edit nutupin daki diketek lu aka hitam ketiak lu dasar dugong rosameldianti,bulliying
"""Di atm tinggal 150 ribu aja banyak gaya lu dugong""",atm tinggal 150 ribu aja gaya lu dugong,bulliying
"""Gak ada bagus2nya suara dan polanya‚Ä¶.""",gak bagus2nya suara polanya‚Ä¶,bulliying
"""Si Meldi jelek aja banyak gaya. Beda banget sm tante n sepupunya yang udah jelas2 cantik""",si meldi jelek aja gaya beda banget sm tante n sepupunya udah jelas2 cantik,bulliying
"""Tapi dia sekarang dah berubah gak kayak dulu kalau yang gue lihat""",dah berubah gak kayak gue lihat,bulliying
"""Ngedit ketiaknya berapa lah dah itu ya ampe ngeblur pisan.. Putihnya kek cat tembok""",ngedit ketiaknya dah ya ampe ngeblur pisan putihnya kek cat tembok,bulliying
"""Aduh dugong masih aja gila filter‚Ä¶.""",aduh dugong aja gila filter‚Ä¶,bulliying
"""Sekarang bukan muka aja yang didempul, tapi ketiak juga""",muka aja didempul ketiak,bulliying
"""Kasian kebelet artis tapi gak punya bakat""",kasian kebelet artis gak bakat,bulliying
"""Yang merasa peliharaannya lepas, tolong diangkut""",peliharaannya lepas tolong diangkut,bulliying
"""Miris banget‚Ä¶ ultah bukan didoain yang baik2 tapi tetap di bully kasian !! God bless u mel""",miris banget‚Ä¶ ultah didoain baik2 bully kasian god bless u mel,bulliying
"""Mudah mudahan lu jadi gembel. Amin ya Allah""",mudah mudahan lu gembel amin ya allah,non-bulliying
"""Ketiaknya hitam dikasih bedak jadi nya abu"" monyet""",ketiaknya hitam dikasih bedak nya abu monyet,bulliying
"""Heran gua mah kalau gasuka gausah di follow dah tau ni akun private kalo lu tetap follow dan ngebuli tanda nya lu sirik. Gasuka ya gausah diliat, kaya dirinya sempurna aja""",heran gua mah gasuka gausah follow dah tau ni akun private kalo lu follow ngebuli tanda nya lu sirik gasuka ya gausah diliat kaya sempurna aja,non-bulliying
"""Gua berharap lu aja si yg sakit bukan laura lol""",gua berharap lu aja si yg sakit laura lol,bulliying
"""Harusnya lo aja yang menderitaaa bukan lora anj!!!!!!!!!""",lo aja menderitaaa lora anj,bulliying
"""GAGA SEMPET BENERAN LORA LO TINGGALIN, LO ORANG PALING JAHAT GA!!!! LO GAK BAKAL BAHAGIA GA""",gaga sempet beneran lora lo tinggalin lo orang jahat ga lo gak bahagia ga,bulliying
"""Lu bener' ga.kalo sempet nyakitin lora gue santet!!!!!""",lu bener gakalo sempet nyakitin lora gue santet,bulliying
"""Si gaga kok kek anjing""",si gaga kek anjing,bulliying
"""Semangat gaga, jangan liat kebelakang fokus aja kedepan, masih muda masih banyak yg lebih baik juga.""",semangat gaga liat kebelakang fokus aja kedepan muda yg,non-bulliying
"""Gak ada cantiknya. Gila yang ada""",gak cantiknya gila,bulliying
"""meldi makin bersinar yaaa, pertahanin karir jgn di sia siain""",meldi bersinar yaaa pertahanin karir jgn sia siain,bulliying
"""Tetap semangat‚Ä¶. sebaik apapun kamu akan dalah Dimata pembenci‚Ä¶..""",semangat‚Ä¶ apapun dalah dimata pembenci‚Ä¶,non-bulliying
"""Asli gak ada bebet bobo ni anak. kasihan sekali.""",asli gak bebet bobo ni anak kasihan,bulliying
"""kumat‚Ä¶ lama semedinya segini keluarnya""",kumat‚Ä¶ semedinya segini keluarnya,bulliying
"""Tangannya hitam‚Ä¶ beda ama muka""",tangannya hitam‚Ä¶ beda ama muka,bulliying
"""Kok meldi di foto aku gendut beda""",meldi foto gendut beda,bulliying
"""Gatau sih, cantik tapi gak ada aura nya sama sekali . Cantik tapi idih gitu lihatnya , kenapa yaa ??""",gatau sih cantik gak aura nya cantik idih gitu lihatnya yaa,non-bulliying
"""Baik buruk nya kamu akan tetap terlihat buruk di mata mereka yang ga menyukai mu..""",buruk nya buruk mata ga menyukai mu,non-bulliying
"""Gila ni siluman,, di story orang lain keliatan banget tumpukan2 lemaknya, buriknya apalagi""",gila ni siluman story orang keliatan banget tumpukan2 lemaknya buriknya,non-bulliying
"""Dasar Bego lu.. gua jijik sama lu bro kayak gak punya otak banget""",dasar bego lu gua jijik lu bro kayak gak otak banget,bulliying
"""Lo kira lo bagus tuh begitu anjing wkwkw""",lo lo bagus tuh anjing wkwkw,bulliying
"""Di maafin aaa‚Ä¶ semoga dia jera untuk kedepannya‚Ä¶""",maafin aaa‚Ä¶ semoga jera kedepannya‚Ä¶,non-bulliying
"""Eh bocah mending Lo mati aja GAK guna juga ada orang kayak lo hahahahaha""",eh bocah mending lo mati aja gak orang kayak lo hahahahaha,bulliying
"""Btw yang video tapi boong itu dia buat nya tahun lalu bukan pas masalah yang sekarang kalau gak percaya lihat tribun news jadi jangan hujat dia lagi ya""",btw video boong nya pas gak percaya lihat tribun news hujat ya,non-bulliying
"""Okay bro kalem aja, tetap semangat dan jangan putus asa""",okay bro kalem aja semangat putus asa,non-bulliying
"""Lu Mati ajalah . Udah biar gak bikin ribet""",lu mati ajalah udah biar gak bikin ribet,bulliying
"""SAMPAH MASYARAKAT HARUS DI MUSNAHKAN SEGERA""",sampah masyarakat musnahkan,bulliying
"""MATI KAU NAJIS KONTOL BANGSAT MATI KAU""",mati kau najis kontol bangsat mati kau,bulliying
"""youtuber toxic, tutup akunmu sekalian tutup usia""",youtuber toxic tutup akunmu tutup usia,bulliying
"""Pada ribet kayak udah pada benar aja lu semua""",ribet kayak udah aja lu,bulliying
"""Jangan ada hitam diatas putih. Langsung proses""",hitam diatas putih langsung proses,bulliying
"""Kalau sayang sama anaknya ya di serahkan aja ke polisi biar di didik sekalian""",sayang anaknya ya serahkan aja polisi biar didik,bulliying
"""Manusia apa hewan sih kok gak punya hati banget""",manusia hewan sih gak hati banget,bulliying
"""Manusia anjing. Nyari uang gitu amat. Lo kerja aja sama gue nyebokin gue ntar gue gaji lo.""",manusia anjing nyari uang gitu lo kerja aja gue nyebokin gue ntar gue gaji lo,bulliying
"""maklum anak kurang pendidikan kayak gitu gak punya akhlak""",maklum anak pendidikan kayak gitu gak akhlak,bulliying
"""Anjing memang anak gak tau diri. ibunya sampai nangis2""",anjing anak gak tau ibunya nangis2,bulliying
"""oi babi gue bunuh lu kalau sampai kelihatan sumpah""",oi babi gue bunuh lu sumpah,bulliying
"""Heee sampah lu udah gua maafin TAPI BOONG GOBLOK""",heee sampah lu udah gua maafin boong goblok,bulliying
"""ANJING SINI LO BAKU HANTAM AYO""",anjing lo baku hantam ayo,bulliying
"""Bangkit ya bang jangan lemah buat pelajaran dan ujian buat lu jadi yang lebih baik lagi bang""",bangkit ya bang lemah pelajaran ujian lu bang,non-bulliying
"""Jangan patah semngat kak sukses terus""",patah semngat kak sukses,non-bulliying
"""Semangat Ferdian gausah dengerin orang yang hujat kamu, karena semua manusia tidak luput dari kesalahan""",semangat ferdian gausah dengerin orang hujat manusia luput kesalahan,non-bulliying
"""Sumpah sekarang aku respect banget sama kamu""",sumpah respect banget,non-bulliying
"""Menurutku pribadi, dia tulus minta maafnya‚Ä¶.""",menurutku pribadi tulus maafnya‚Ä¶,non-bulliying
"""DIKASIH BIDADARI MAUNYA BONEKA SANTET""",dikasih bidadari maunya boneka santet,bulliying
"""Ilang respect gue.. padahal jane udh setia bgt sama lu, tapi lu nya main cewe pas udh keluar dri penjara.. lol""",ilang respect gue jane udh setia bgt lu lu nya main cewe pas udh dri penjara lol,bulliying
"""Hapus ajh ni poto ngk tau malu bgt lu bang""",hapus ajh ni poto ngk tau malu bgt lu bang,non-bulliying
"""Intinya gasuka ajg selama ada listy . Ngrusak suasana""",intinya gasuka ajg listy ngrusak suasana,bulliying
"""Di foto ini ada 2 anjing dan 1 kontol""",foto 2 anjing 1 kontol,bulliying
"""kasian banget Jane udah nunggu keluar penjara eh taunya :), waw sakit siih""",kasian banget jane udah nunggu penjara eh taunya waw sakit siih,bulliying
"""Puny cewk baik di selingkuhin g ngotak""",puny cewk selingkuhin g ngotak,bulliying
"""Inget yg di potong itu masalah nya bukan hubungan nya, tapi kalo udah gini sembeleh aja orang nya :) udah terlanjur kecewa""",inget yg potong nya hubungan nya kalo udah gini sembeleh aja orang nya udah terlanjur kecewa,bulliying
"""Ini buat konten.. masa putus foto tabi sama jessica engga dihapus ?""",konten putus foto tabi jessica engga dihapus,non-bulliying
"""Tiap mau makan dibikin ama jess tpi malah ngehianatin gila sih""",makan dibikin ama jess tpi ngehianatin gila sih,non-bulliying
"""Parah lu bang nama lu udh rusak karna narkoba malah nambah masalah ajh truss""",parah lu bang nama lu udh rusak karna narkoba nambah ajh truss,non-bulliying
"""Ini anjing Kok mirip ya sama Erick""",anjing ya erick,bulliying
"""Muka Pas""an sok sok an mau sm lonte lo anjing""",muka pasan sok sok an sm lonte lo anjing,bulliying
"""Lu sama anjingnya, lebih baik anjingnya""",lu anjingnya anjingnya,bulliying
"""IH ADA BABI JGN MEGANG TUH ANJING HARGA DIRINYA LEBIH TINGGI DRIPADA LO""",ih babi jgn megang tuh anjing harga dripada lo,bulliying
"""Santuy aja bang ga usah di tanggepin,btw gw suka gaya lo""",santuy aja bang ga tanggepinbtw gw suka gaya lo,non-bulliying
"""Narkoboy kontol, Cuma bisa maen cewe sama nyakitin doang lu anjing, mati aja lu bego""",narkoboy kontol maen cewe nyakitin doang lu anjing mati aja lu bego,bulliying
"""TETEP PENJARA AJA AJG NYUSAHIN LO KELUAR""",tetep penjara aja ajg nyusahin lo,bulliying
"""cewe cakep, setia kok disia sia in sahabat""",cewe cakep setia disia sia in sahabat,bulliying
"""loh kok ak liatnya anjing semua yaa""",loh ak liatnya anjing yaa,bulliying
"""Anjingnya ada dua kok guys, tapi kok lagi satu gue liat ada babi item""",anjingnya guys gue liat babi item,bulliying
"""Mantan Anjing, eh kebalik anjing mantan""",mantan anjing eh kebalik anjing mantan,bulliying
"""Bikin skandal karena kepengen tenar?""",bikin skandal kepengen tenar,non-bulliying
"""Wiii anjay kapan lagi liat babi megang 2 anjing""",wiii anjay liat babi megang 2 anjing,bulliying
"""Ini adalah foto babi sedang memeluk anjing yg pemilik nya adalah bidadari""",foto babi memeluk anjing yg pemilik nya bidadari,bulliying
"""Babi g pantes nyentuh anjingnya bidadari, nanti kotor.""",babi g pantes nyentuh anjingnya bidadari kotor,bulliying
"""SESAMA ANJING FOTO DULU YA KAN""",anjing foto ya,bulliying
"""potret seorjing memegang anjing kwkw""",potret seorjing memegang anjing kwkw,bulliying
"""HEH UDH NAPA HATE NYA CAPE GW BACA NYA""",heh udh napa hate nya cape gw baca nya,non-bulliying
"""WADUH MALAH LEBIH GANTENG ANJINGNYA. EH EH BAHKAN LU GA PANTES DISEBUT ANJING. ANJING KAN SETIA PANTESNYA SIH BABI HAHAHAHA""",ganteng anjingnya eh eh lu ga pantes anjing anjing setia pantesnya sih babi hahahaha,bulliying
"""kalo lomba sama""an sm babi, babi nya nmr 2""",kalo lomba samaan sm babi babi nya nmr 2,bulliying
"""Si anjing ketika berfoto dengan si anjing""",si anjing berfoto si anjing,bulliying
"""Kak jessica yg nungguin+setia sm kk loh pas ad masalah kmrn. Tapi kk ga ngehargain malah lbh milih yg d sono""",kak jessica yg nungguinsetia sm kk loh pas ad kmrn kk ga ngehargain lbh milih yg d sono,non-bulliying
"""erikontolim manusia babi anak lonte""",erikontolim manusia babi anak lonte,bulliying
"""HARGAILAH HATI WANITA YANG UDH TULUS NEMENIN LO DARI 0!!!""",hargailah hati wanita udh tulus nemenin lo 0,bulliying
"""Tapi bagus sih erick mutusin Jessica ya karna Erick kelakuan ny begituu coba liat Jessica""",bagus sih erick mutusin jessica ya karna erick kelakuan ny begituu coba liat jessica,non-bulliying
"""Anjing sekarang hebat ya, bisa pake kacamata""",anjing hebat ya pake kacamata,bulliying
"""Sdh lh nasi udah jdi bubur ga bisa lagi dibentuk kek semulaaa""",sdh lh nasi udah jdi bubur ga dibentuk kek semulaaa,non-bulliying
"""Kukira kehadiranmu akan menjadi sesuatu kebanggaan, ternyata tidak""",kukira kehadiranmu kebanggaan,non-bulliying
"""Ada 3 Ajg Dan Yg Punya Tato Bener2 Ajg""",3 ajg yg tato bener2 ajg,bulliying
"""dasar orang tua gada akhlak,ngajarin anaknya yang ga bener""",dasar orang tua gada akhlakngajarin anaknya ga bener,bulliying
"""Erik kenapa sih? Ada yang bisa jelasin gw ga update soalnya.. maap2""",erik sih jelasin gw ga update maap2,non-bulliying
"""Eh jangan dekat dekat sama anjingnya ci Jessica gua lempar lu""",eh anjingnya ci jessica gua lempar lu,bulliying
"""guys dr pd comment2 mending unfoll sm unsubscribe aja yaa""",guys dr pd comment2 mending unfoll sm unsubscribe aja yaa,non-bulliying
"""Babi lagi main ma anjing :)""",babi main ma anjing,bulliying
"""Dikasi BIDADARI MALAH PILIH BABI""",dikasi bidadari pilih babi,bulliying
"""Postingan pertama jg dihujat dong gila netijen""",postingan jg dihujat gila netijen,non-bulliying
"""BARU KALI INI LIHAT ANJING SAMA BABI BAIKAN‚Ä¶""",kali lihat anjing babi baikan‚Ä¶,bulliying
"""Dikasih bidadari malah milih setan""",dikasih bidadari milih setan,bulliying
"""Padahal gw g mau benci ama lu bro, tpi ada aja tingkah lu yang melenceng:(""",gw g benci ama lu bro tpi aja tingkah lu melenceng,non-bulliying
"""SIKAP MU LEBIH NAJIS DARIPADA LUDAH ANJING!""",sikap mu najis ludah anjing,bulliying
"""Njir meskipun udh lama nih poto di post tapi masih banyak yg komen baru2""",njir udh nih poto post yg komen baru2,non-bulliying
"""kesini cmn mo liat komen aja""",kesini cmn mo liat komen aja,non-bulliying
"""Buset hate comment ampe postingan paling bawah""",buset hate comment ampe postingan,non-bulliying
"""Foto di upload nya 20 maret yang comment 1 jam 2 jam 3 jam yg lalu""",foto upload nya 20 maret comment 1 jam 2 jam 3 jam yg,bulliying
"""Pantes banyak utang buat bayar lonte""",pantes utang bayar lonte,bulliying
"""2 3 tutup botol muka lu kek kontol wkwk""",2 3 tutup botol muka lu kek kontol wkwk,bulliying
"""astaga masih pagi dibikin ngakak ama komenan netijen yg ngmng suka bener""",astaga pagi dibikin ngakak ama komenan netijen yg ngmng suka bener,non-bulliying
"""Dah lah. Gw capek baca komen kalian""",dah gw capek baca komen,non-bulliying
"""Keliatan bgt anjingnya ketakutan foto sama dakjal""",keliatan bgt anjingnya ketakutan foto dakjal,bulliying
"""Astaga ngehujat sampe postingan paling bawah""",astaga ngehujat sampe postingan,non-bulliying
"""Lebih najis elu daripada anjing!""",najis elu anjing,bulliying
"""2 ekor anjing dan satu buaya makan jambut""",2 ekor anjing buaya makan jambut,bulliying
"""Kalo disuruh melihara anjing/eric gw pilih anjing aja meski Najis tapi lebih najisan erick kontol""",kalo disuruh melihara anjingeric gw pilih anjing aja najis najisan erick kontol,bulliying
"""Ngapain si pada ngejudge? Mikir dulu lah dia putus juga sebelum kejadian itu tolol""",ngapain si ngejudge mikir putus kejadian tolol,bulliying
"""Hargai wanitamu dia didekati banyak pria tetapi tetap memilihmu""",hargai wanitamu didekati pria memilihmu,non-bulliying
"""Ternyata sipat anjing bukan hanya ada di anjing doang ya,di manusia sipat anjing juga ternyata ada""",sipat anjing anjing doang yadi manusia sipat anjing,bulliying
"""Potret ketika anjing poto dengan setan""",potret anjing poto setan,bulliying
"""BANTU BEDAINN WOYY MANA ANJING MANA BABI""",bantu bedainn woyy anjing babi,bulliying
"""Udaah woii udahh lu gak kasihan apa‚Ä¶. Aku capek ngelike komenan kalian""",udaah woii udahh lu gak kasihan apa‚Ä¶ capek ngelike komenan,bulliying
"""3 anjing 1 anjing berwujud manusia, 2 anjing asli tak ada perwujudan aowkwkw""",3 anjing 1 anjing berwujud manusia 2 anjing asli perwujudan aowkwkw,bulliying
"""Kasian gue sama anjingnya dipegang dajjal""",kasian gue anjingnya dipegang dajjal,bulliying
"""Kasian anjing nya di pegang babi""",kasian anjing nya pegang babi,bulliying
"""Lo itu kontol gak guna ajg anak dakjal""",lo kontol gak ajg anak dakjal,bulliying
"""mukak lu lebih buruk daripada anjing lu""",mukak lu buruk anjing lu,bulliying
"""dikasi yang bening malah milih yang dakian""",dikasi bening milih dakian,bulliying
"""Mending masuk penjara lagi aja dah seumur hidup""",mending masuk penjara aja dah seumur hidup,bulliying
"""Kok lbih lucu anjingnya ya ktimbang orangnya""",lbih lucu anjingnya ya ktimbang orangnya,bulliying
"""Akhirnya jesica bisa lepas dari kambing hitam ini""",jesica lepas kambing hitam,bulliying
"""Maafin Aja Bro Semua Orang Pasti Ada Kesalahan Dia Juga Pasti Ada Kesalahan Nasehatin Aja Siapa Tau Dia Berubah""",maafin aja bro orang kesalahan kesalahan nasehatin aja tau berubah,non-bulliying
"""Kasian anjingnya dipeluk sma sampahh""",kasian anjingnya dipeluk sma sampahh,bulliying
"""Gua kira keluar dari PENJARA bisa berubah""",gua penjara berubah,bulliying
"""Cintamu hanya sebatas kertas wkwkw enteng bang""",cintamu sebatas kertas wkwkw enteng bang,non-bulliying
"""Padahal sejak dia sama Jane aku lebih respect :( skrg bener2 udah hilang respect :(""",jane respect skrg bener2 udah hilang respect,bulliying
"""udah nemenin dari masa tersulit lo pas udah keluar malah selingkuh, ga nyangka idola gua sesampah itu.""",udah nemenin tersulit lo pas udah selingkuh ga nyangka idola gua sesampah,bulliying
"""Dihujat habis""an semua postingan lama ada komen baru wkwk""",dihujat habisan postingan komen wkwk,non-bulliying
"""Gua gabisa bedain mana anjing mana manusia, keliatannya sama""",gua gabisa bedain anjing manusia keliatannya,bulliying
"""Lu mirip anaknya kick andy yg namanya marlo bang""",lu anaknya kick andy yg namanya marlo bang,non-bulliying
"""Kenapa ada orang baik ? Karna ada orang jahat""",orang karna orang jahat,non-bulliying
"""Ngga ada niatan ngadain pengajian gitu bang?""",ngga niatan ngadain pengajian gitu bang,non-bulliying
"""Suka banget sama rambutnyaa tambah ganteng""",suka banget rambutnyaa ganteng,non-bulliying
"""@abatartila Ada ada aja kaya gini di bilang king, king muke nya udh kaya tai musang""",abatartila aja kaya gini bilang king king muke nya udh kaya tai musang,bulliying
"""Ninggalin berlian demi tai babi dih""",ninggalin berlian tai babi dih,bulliying
"""ganteng kaga lu begitu malah keliatan kaya daki kontol""",ganteng kaga lu keliatan kaya daki kontol,bulliying
"""Mukak lo kayak tapir kuda asu sok ganteng banget lo""",mukak lo kayak tapir kuda asu sok ganteng banget lo,bulliying
"""Banyak yg kecewa karena lu begini rik!!!!""",yg kecewa lu rik,bulliying
"""Maap ye‚Ä¶muke lu udh jelek kaga usah sok selingkuh,cakepan anjing gua noh""",maap ye‚Ä¶muke lu udh jelek kaga sok selingkuhcakepan anjing gua noh,bulliying
"""Apa si hebatnya banci yg badannya penuh koreng kaya lo""",si hebatnya banci yg badannya penuh koreng kaya lo,bulliying
"""Gini dong bersihan kaga kek tahun tahun sebelumnya dekil""",gini bersihan kaga kek dekil,bulliying
"""Muka lu keriput kek aki aki""",muka lu keriput kek aki aki,bulliying
"""Foto jelek dihujat, foto ganteng dibilang sok ganteng""",foto jelek dihujat foto ganteng dibilang sok ganteng,bulliying
"""kebanyakan nyabu jadi kurus lu""",kebanyakan nyabu kurus lu,bulliying
"""NARKOBOYY NGELUARIN LIDAHH, AJG MAU APA, MAU TES URIN""",narkoboyy ngeluarin lidahh ajg tes urin,bulliying
"""Fotolu pede anjrit muka lu tu anjrit""",fotolu pede anjrit muka lu tu anjrit,bulliying
"""Hidup itu jngn keterlaluan boss playboy amat ajg luu""",hidup jngn boss playboy ajg luu,bulliying
"""Mukalu kek aktor bokep bgst mending ngobat aja luu""",mukalu kek aktor bokep bgst mending ngobat aja luu,bulliying
"""dah jelek semangattt pulak WKWK""",dah jelek semangattt pulak wkwk,bulliying
"""Muka nya kok gitu, seren bikin mual liatnya""",muka nya gitu seren bikin mual liatnya,bulliying
"""Sana anjing ngewe ama lonte bangsat""",anjing ngewe ama lonte bangsat,bulliying
"""Muka kek kontol mending di penjara""",muka kek kontol mending penjara,bulliying
"""muka kek banci dih najis""",muka kek banci dih najis,bulliying
"""Ntar Mati dalam keadaan konyol""",ntar mati konyol,bulliying
"""mau bilang jelek nya ga enak hehe ‚Ä¶""",bilang jelek nya ga enak hehe ‚Ä¶,bulliying
"""Idihhhhh pantesan aja foto nya keluarin lidah kyk gtu. Trnyata tukang jilat‚Ä¶""",idihhhhh pantesan aja foto nya keluarin lidah kyk gtu trnyata tukang jilat‚Ä¶,bulliying
"""NIH ORANG KALO LOMBA MIRIP BABI,BABINYA JUARA 2""",nih orang kalo lomba babibabinya juara 2,bulliying
"""Titisan dakjal emg lo nyet""",titisan dakjal emg lo nyet,bulliying
"""Et muka lu aje gitu dih hahaha. Biarin aja sampah ketemu sampah biar busuk bersama""",et muka lu aje gitu dih hahaha biarin aja sampah ketemu sampah biar busuk,bulliying
"""Jijik astagah sok bat cakep njs""",jijik astagah sok bat cakep njs,bulliying
"""Bully an di ig lebih ngeri daripada di fb ajg gua jadi ngerii! Ajgg",bully an ig ngeri fb ajg gua ngerii ajgg,non-bulliying
"""udah buriq brengsek pula pantes aja dapet lonte""",udah buriq brengsek pantes aja dapet lonte,bulliying
"""MUKA KAMPUNG GAYA SOK SOAN KOTA NYET""",muka kampung gaya sok soan kota nyet,bulliying
"""Ngapa lidah Lo stroke amin deh kalau gtu""",ngapa lidah lo stroke amin deh gtu,bulliying
"""Ciah dihujat 1 Indonesia jangan sampe bunuh diri ya komtoll kami blom puas nguat kauuu""",ciah dihujat 1 indonesia sampe bunuh ya komtoll blom puas nguat kauuu,non-bulliying
"""Org kampung otak dusun gaya sosoan hype. Ttep aja gabisa nutupin muka babu lu.""",org kampung otak dusun gaya sosoan hype ttep aja gabisa nutupin muka babu lu,bulliying
"""Cowo foto liatin lidah nya jam ah jijik gue. Apa lagi minus akhlak kek gini""",cowo foto liatin lidah nya jam ah jijik gue minus akhlak kek gini,bulliying
"""ANJING gue jg ogah liat muke lu""",anjing gue jg ogah liat muke lu,bulliying
"""G bole melet dosaa rik""",g bole melet dosaa rik,non-bulliying
"""paan melet melet mau jilat tai tabi?""",paan melet melet jilat tai tabi,bulliying
"""Setan emg melet2 teross jijik asuuu""",setan emg melet2 teross jijik asuuu,bulliying
"""ni anak lahir krna kondom bocor.. ga ada rasa syukur muka kyk selangkangan gorilla dpt cewe cntik kyk jessica setia dll malah di sia2in bgsad""",ni anak lahir krna kondom bocor ga syukur muka kyk selangkangan gorilla dpt cewe cntik kyk jessica setia dll sia2in bgsad,bulliying
"""Apaan si melet2 sok ganteng""",si melet2 sok ganteng,bulliying
"""Muka kek slangkangan biawak aje bnyk blagu lu""",muka kek slangkangan biawak aje bnyk blagu lu,bulliying
"""Sumpah sih jahat banget. Bener2 kasian sama kak jessica""",sumpah sih jahat banget bener2 kasian kak jessica,non-bulliying
"""Anjing gk pantes sama bidadari.""",anjing gk pantes bidadari,bulliying
"""MELET MULU SETAN KAYA ULAR""",melet mulu setan kaya ular,bulliying
"""Njr melet melet gw kirain hewan""",njr melet melet gw kirain hewan,bulliying
"""Gtu aj dh kek anjg lo kang""",gtu aj dh kek anjg lo kang,bulliying
"""Gw kesini pengen liat babang ini.. Sumpah feeling gw bener.. Mirip banget ama Reynhard Sinaga""",gw kesini pengen liat babang sumpah feeling gw bener banget ama reynhard sinaga,non-bulliying
"""Ih ko melet2 si kaya hewan aja wkwkwkwk""",ih ko melet2 si kaya hewan aja wkwkwkwk,bulliying
"""Iuu milih iblis drpd bidadarii kwkwkw jyjyq""",iuu milih iblis drpd bidadarii kwkwkw jyjyq,bulliying
"""MELET2 UDAH KAYA ANJING, EH KAN EMAH ANJING""",melet2 udah kaya anjing eh emah anjing,bulliying
"""ga nyadar aja nih sampah HAHA""",ga nyadar aja nih sampah haha,bulliying
"""Lidah banyak kuman and virus nih""",lidah kuman and virus nih,bulliying
"""Awalnya ngira baju endorse dari KFC, mirip '-'""",ngira baju endorse kfc,non-bulliying
"""GUA MAU LO TERUS BERKARYA , PERBAIKI, TINGGALKAN YG NEGATIF , TIDAK ADA KATA TERLAMBAT , TTP JADI ORANG YG HEBAT DAN SELALU BAHAGIA @xrickolim""",gua lo berkarya perbaiki tinggalkan yg negatif terlambat ttp orang yg hebat bahagia xrickolim,non-bulliying
"""Cita cita ingin jadi pakboi , eh tapi malah jadi narkoboy nasib-nasib""",cita cita pakboi eh narkoboy nasibnasib,bulliying
"""Napa lu balik dari penjara sih?""",napa lu penjara sih,bulliying
"""Mending lu pada tobat dah""",mending lu tobat dah,bulliying
"""selama dipenjara apalo sikat gigi? KOK BAU YA, BAUBAU AROMA BANGSATTTT""",dipenjara apalo sikat gigi bau ya baubau aroma bangsatttt,bulliying
"""Gigi lo ada apanya? Jigong? Atau kondom nya nyangkut?""",gigi lo apanya jigong kondom nya nyangkut,bulliying
"""ih mukanya kek anjing rumah gwa""",ih mukanya kek anjing rumah gwa,bulliying
"""woi anak anjing ngapain lu hidup bgst""",woi anak anjing ngapain lu hidup bgst,bulliying
"""Udah jelek gak usah d jelek2 in lagi bro""",udah jelek gak d jelek2 in bro,bulliying
"""Ganteng kagak berbakat juga kagak kelebihannya dimana cobak?""",ganteng kagak berbakat kagak kelebihannya dimana cobak,bulliying
"""Benci aja Ama orang jelek pake selingkuh segala""",benci aja ama orang jelek pake selingkuh,bulliying
"""Udah tutup mulut nya bau kambing""",udah tutup mulut nya bau kambing,bulliying
"""Jualan jualan knp ngga jadi yutuber lagi bro takut ngga ada yg nntn yah""",jualan jualan knp ngga yutuber bro takut ngga yg nntn yah,non-bulliying
"""Kayak Randy Pangalila klo gk pake kacamata""",kayak randy pangalila klo gk pake kacamata,non-bulliying
"""Entah knp liat muka BG Eric sekarang kaya enak gitu .. dari pada yg dulu""",knp liat muka bg eric kaya enak gitu yg,non-bulliying
"""Apa ganteng nyasih anjing.. Kucel gini jadiin model""",ganteng nyasih anjing kucel gini jadiin model,bulliying
"""keknya dia ngeliat masa depan yang hancur deh""",keknya ngeliat hancur deh,bulliying
"""INGETT HIDUP LO DULU GA SEENAK INI RIKKK. HIDUP LO SUSAH!!!! SALAM TEMEN SMP PAS LO BURIKKK. EH SKRG SAMA AJA""",ingett hidup lo ga seenak rikkk hidup lo susah salam temen smp pas lo burikkk eh skrg aja,bulliying
"""Yaaaa yaaa kalo liat muka nya sumpah ngeselin banget dah‚Ä¶.oprasi dulu sono..biar gantengan dikit.. Dan kalo jln ke mall gk di kenal orng.""",yaaaa yaaa kalo liat muka nya sumpah ngeselin banget dah‚Ä¶oprasi sonobiar gantengan dikit kalo jln mall gk kenal orng,bulliying
"""dia ini siapa sih??? Artis bukan, jelek mah iya mukanya iyuhhh""",sih artis jelek mah iya mukanya iyuhhh,bulliying
"""Ini bukan era lo lagi, mending lo mati aja babi. Kalo baca bales nyet""",era lo mending lo mati aja babi kalo baca bales nyet,bulliying
"""Saya segenap hati minta maap""",segenap hati maap,bulliying
"""Dulu Bahagia Sekarang Banyak Utang""",bahagia utang,bulliying
"""Harus lebih maju berkelas rik!! Ga jamannya lg toxic dan ga beraturan.. build sistem!! You will be BIG""",maju berkelas rik ga jamannya lg toxic ga beraturan build sistem you will be big,non-bulliying
"""editan sama konsepnya nice banget lahhh""",editan konsepnya nice banget lahhh,bulliying
"""iri kok sama babi hahah najis""",iri babi hahah najis,bulliying
"""LO YANG DULU BUKANLAH YANG SEKARANG DULU KAYA ANJING SEKARANG KAYA BABI""",lo kaya anjing kaya babi,bulliying
"""Jelek aja tukang selingkuh lo buriq !""",jelek aja tukang selingkuh lo buriq,bulliying
"""kok kalian komennya pada kek gini ya""",komennya kek gini ya,bulliying
"""Rick lu tuh jadi manusia kek gk ada gunanya lu dilahirin kedunia untuk berbuat baik, sayang nya lu ngecewain org lain gimana mo masuk surga""",rick lu tuh manusia kek gk gunanya lu dilahirin kedunia berbuat sayang nya lu ngecewain org gimana mo masuk surga,bulliying
"""Kalian kaloga cocok mau di paksain?""",kaloga cocok paksain,non-bulliying
"""ya biarin @xrickolim kita gatau gimana aslinya masa kalian semua ambil keputusan sepihak?kalo udah takdir gaada yang bisa nentang njir""",ya biarin xrickolim gatau gimana aslinya ambil keputusan sepihakkalo udah takdir gaada nentang njir,bulliying
"""Cocok kok, emang orang baik mah buat org baik, kalo yg bejat mah emang cocok buat yang bejat juga ehehe""",cocok emang orang mah org kalo yg bejat mah emang cocok bejat ehehe,bulliying
"""ERICK GOBLOK,MALAH PACARAN AMA LONTE ANJ,SO BAT""",erick goblokmalah pacaran ama lonte anjso bat,bulliying
"""Cocok banget sama2 orang gak bener biar lah dia hancur bersama""",cocok banget sama2 orang gak bener biar hancur,bulliying
"""EH KEK ADA PENAMPAKAN LONTE""",eh kek penampakan lonte,bulliying
"""Meninggalkan berlian demi Tai Sapi""",meninggalkan berlian tai sapi,bulliying
"""Ini bukan era lo lgi, wkwkw skrng lo penuh dengan cacimaki, telen ludah sendiri""",era lo lgi wkwkw skrng lo penuh cacimaki telen ludah,bulliying
"""Pantes disini mulainya si ajg berulah""",pantes mulainya si ajg berulah,bulliying
"""Open BO ga bang si listy? Kebetulan ada om-om yg nyari cwe yg udah pengalaman!!!!""",open bo ga bang si listy omom yg nyari cwe yg udah pengalaman,non-bulliying
"""Buah nangka buah kemanggi gak ada akhlak lu babi""",buah nangka buah kemanggi gak akhlak lu babi,bulliying
"""Perlahan karirmu ancur bro dan lu akan kembali kebawan""",perlahan karirmu ancur bro lu kebawan,bulliying
"""Biarkan @sk69official bangkrut aja. CEO nya gatau trimakasih haha""",biarkan sk69official bangkrut aja ceo nya gatau trimakasih haha,bulliying
"""ngapain juga nginap di rumah cowo, gaada keluarga lg lo?""",ngapain nginap rumah cowo gaada keluarga lg lo,bulliying
"""Eh ada pelakor, pas banget frame ke tiga, orang ke 3""",eh pelakor pas banget frame orang 3,bulliying
"""Anak gblk dikasi berlian malah milih kerikil""",anak gblk dikasi berlian milih kerikil,bulliying
"""Dikasih bidadari malah milih dajjal awokawok:v""",dikasih bidadari milih dajjal awokawokv,bulliying
"""Jangan cuman bisa ngehina Dong Sadar Kalian Itu Ga sempurna sama kaya kami""",cuman ngehina sadar ga sempurna kaya,non-bulliying
"""Kesihan gue sama org otak dangkal kek gini""",kesihan gue org otak dangkal kek gini,bulliying
"""Murahh banget lo jijik gue ‚Ä¶. Dikick EVOS mlah open BO""",murahh banget lo jijik gue ‚Ä¶ dikick evos mlah open bo,bulliying
"""senengnya sekali nyesel nya seumur hidup, miris banget hidup lu tolol meninggalkan berlian yang indah dipandang dan di sayang demi segumpal tai kucing""",senengnya nyesel nya seumur hidup miris banget hidup lu tolol meninggalkan berlian indah dipandang sayang segumpal tai kucing,bulliying
"""Indahnya pemandangan banyak LonT lonT mau di jual""",indahnya pemandangan lont lont jual,bulliying
"""bidadari sudah ditunjukan , bahwa mmg g pantes sma dajjal g tau diri""",bidadari ditunjukan mmg g pantes sma dajjal g tau,bulliying
"""siapapun tolong kasih tau aku ini masalah nya apaa gais""",tolong kasih tau nya apaa gais,non-bulliying
"""dikasih hati yg malaikat milih yg berhati iblis greget:(""",dikasih hati yg malaikat milih yg berhati iblis greget,bulliying
"""Di kasih bidadari malah pilih kotoran""",kasih bidadari pilih kotoran,bulliying
"""Dikasih bidadari malah minta lonte""",dikasih bidadari lonte,bulliying
"""Gajadi beli Model murahan barang pasti murahan""",gajadi beli model murahan barang murahan,bulliying
"""Modelny aja murahan apalagi barangnya""",modelny aja murahan barangnya,bulliying
"""muka macem pengamen gegayaan selingkuh, untung udh ga sm jane lg, kebanting sm jane muke lu""",muka macem pengamen gegayaan selingkuh untung udh ga sm jane lg kebanting sm jane muke lu,bulliying
"""Males beli gua,gara gara ada lonte""",males beli guagara gara lonte,bulliying
"""Padahal bulug gini ya mukanya.. ehh,, maaf..""",bulug gini ya mukanya ehh maaf,bulliying
"""Padahal cantikan jessica kemana mana""",cantikan jessica kemana,non-bulliying
"""Dikasih bidadari malah milih sampah""",dikasih bidadari milih sampah,bulliying
"""yaelah muka pas""an aja bangga lu njing""",yaelah muka pasan aja bangga lu njing,bulliying
"""Wah ibarat lebih milih iblis daripada bidadari haha""",milih iblis bidadari haha,bulliying
"""@rangga_kanahaya knp gk truck sampah, kek mukanya sampah""",ranggakanahaya knp gk truck sampah kek mukanya sampah,bulliying
"""Gajadi beli, takut ketularan lonte nya""",gajadi beli takut ketularan lonte nya,bulliying
"""hanya bisa melihat hujatan klean kasian si listy kontrak nya d copot , di hujat memang dunia sgt kejam""",hujatan klean kasian si listy kontrak nya d copot hujat dunia sgt kejam,non-bulliying
"""Jangan beli baju lonte entar kena sial""",beli baju lonte entar kena sial,bulliying
"""Dasar cewe lo itu LONTE tau kau!""",dasar cewe lo lonte tau kau,bulliying
"""Disini pada kenapa dah? Aku gapaham tolong""",dah gapaham tolong,non-bulliying
"""Itu ditengah manusia apa monyet kok kulitnya bercorak batik""",ditengah manusia monyet kulitnya bercorak batik,bulliying
"""Muka lu sama anjing gwe..lebih ganteng anjing gwe rik""",muka lu anjing gwelebih ganteng anjing gwe rik,bulliying
"""Buat kalian para pens lonte jgn tkut listi Miskin krna dipecat, krna dia bsa kaya lgi, dgn cara ya nglonte""",pens lonte jgn tkut listi miskin krna dipecat krna bsa kaya lgi dgn ya nglonte,bulliying
"""Etdah ninggalin yang baik demi lonte, situ waras mas wkwk""",etdah ninggalin lonte situ waras mas wkwk,bulliying
"""Gw melihat cewek murahan di postingan ini""",gw cewek murahan postingan,bulliying
"""yang kedua dari sebelah kanan itu batik apa orang dah? kok warna nya kek taek babi si?""",sebelah kanan batik orang dah warna nya kek taek babi si,bulliying
"""Ih ko muka jelek banget siii serem kek setan""",ih ko muka jelek banget siii serem kek setan,bulliying
"""Itu yang foto ketiga jablay murahan bukan?""",foto ketiga jablay murahan,bulliying
"""Jelek aja tukang selingkuh lo buriq !!!!""",jelek aja tukang selingkuh lo buriq,bulliying
"""Emang kalian se suci apa sampai nghina dia segitu nya""",emang suci nghina segitu nya,non-bulliying
"""Mending yang follow pada unfollow Udeh gausah ribet""",mending follow unfollow udeh gausah ribet,non-bulliying
"""Dekil tatoan, mampus karir Lo hancurr pantek""",dekil tatoan mampus karir lo hancurr pantek,bulliying
"""Udah ada berlian malah milih batu nisan""",udah berlian milih batu nisan,bulliying
"""Alasan setan ama setan, KARNA KALO SETAN SAMA BIDADARI, SAYAPNYA RONTOK, DICEKER, DIGIGIT, DIJAMBAK2""",alasan setan ama setan karna kalo setan bidadari sayapnya rontok diceker digigit dijambak2,bulliying
"""Lagian juga Erick gak ada akhlak jelek lagi Listy juga jelek""",erick gak akhlak jelek listy jelek,bulliying
"""Setan ma setan mahh emg cocokk udee""",setan ma setan mahh emg cocokk udee,bulliying
"""Lonte kurus pucet kek mayat hidup""",lonte kurus pucet kek mayat hidup,bulliying
"""Itu muka apa tutup panci wkwkekek jelek nya ampe ke ubun ubun""",muka tutup panci wkwkekek jelek nya ampe ubun ubun,bulliying
"""@xrickolim smngat trus bro tiada manusia yg sempurna kmu pasti bisa bangkit n jadi lebih baik GBU keepstrong""",xrickolim smngat trus bro tiada manusia yg sempurna kmu bangkit n gbu keepstrong,non-bulliying
"""bego anak orang udah ga perawan noh gara"" lu wkwkw""",bego anak orang udah ga perawan noh gara lu wkwkw,bulliying
"""Frustasi..Sudah habis uangnya..Kasihannn""",frustasisudah habis uangnyakasihannn,bulliying
"""Bro buat lu pada yg ngehujat erick tpi masih punya masala sendiri jangan sok keras""",bro lu yg ngehujat erick tpi masala sok keras,bulliying
"""Semangat Rick untuk usaha barunya""",semangat rick usaha barunya,non-bulliying
"""Hadehh muka kaya tong sampah .""",hadehh muka kaya tong sampah,bulliying
"""banyak banget omongan kasar disini, tobat lah kawan kawan.. cukup comment kasar nya""",banget omongan kasar tobat kawan kawan comment kasar nya,non-bulliying
"""Ni org jelek ga ada obat.kok jj mau liat apa ya..""",ni org jelek ga obatkok jj liat ya,bulliying
"""Semangat bang, walaupun banyak orang yang ngejudge lu. Jangan peduliin mereka""",semangat bang orang ngejudge lu peduliin,non-bulliying
"""Tuhan yesus baik semangat rick""",tuhan yesus semangat rick,non-bulliying
"""Jangan di bales komen hate bang bikin sakit jempol, mending lanjut berkarya:)""",bales komen hate bang bikin sakit jempol mending berkarya,non-bulliying
"""Eh lo nyadar ga ? Udah dekil terus tatoan, jadi nya kaya daki haha""",eh lo nyadar ga udah dekil tatoan nya kaya daki haha,bulliying
"""jelek dapet selingkuhan jelek juga keren yaa imbang wkkw""",jelek dapet selingkuhan jelek keren yaa imbang wkkw,bulliying
"""Wah ngehina fisik ni orang,ga bener ya wkwkwkwk""",ngehina fisik ni orangga bener ya wkwkwkwk,non-bulliying
"""BUNUH DIRI LAH SONO GOBLOX""",bunuh sono goblox,bulliying
"""Sabar semua komentar ini ujian""",sabar komentar ujian,non-bulliying
"""Santai rick yg ngehujat lo belom tau perjalanan hidup lo aja! Mereka hanya sok suci!""",santai rick yg ngehujat lo belom tau perjalanan hidup lo aja sok suci,bulliying
"""Yang sabar yah,tetep semangat ngejar karirnya jangan dengerin kata orang mereka Cuma bisa ngebacot di komen doank""",sabar yahtetep semangat ngejar karirnya dengerin orang ngebacot komen doank,non-bulliying
"""Erick masuk neraka jalur selingkuh bos""",erick masuk neraka jalur selingkuh bos,bulliying
"""Trs berkarya walaupun brd di titik sprti ini""",trs berkarya brd titik sprti,non-bulliying
"""Stop lah ngatain orang lain lu pada itu yg ngatain orang lain ngaca dlu sebelum ngatain kayak suci aja hidup lu pada""",stop ngatain orang lu yg ngatain orang ngaca dlu ngatain kayak suci aja hidup lu,bulliying
"""Yang ngatain keknya idupnya gapernag bikin kesalahan""",ngatain keknya idupnya gapernag bikin kesalahan,non-bulliying
"""Jadi gila kau rupanya karna gak laku lagi di YouTube""",gila kau karna gak laku youtube,bulliying
"""Kasian yah sdh stress banyak masalah""",kasian yah sdh stress,bulliying
"""Kok jatohnya malah kek ajg sih rikkk""",jatohnya kek ajg sih rikkk,bulliying
"""Karir turun jadi autis kasian hahah""",karir turun autis kasian hahah,bulliying
"""erick yang kek gini yang gua kangenin, keep it up bruuh""",erick kek gini gua kangenin keep it up bruuh,bulliying
"""Udah mau autis iya bg awokawkk""",udah autis iya bg awokawkk,bulliying
"""Kasian masih muda udah stresss""",kasian muda udah stresss,bulliying
"""Banyak komen yg support malah ketutup yg hate bgst emang IG""",komen yg support ketutup yg hate bgst emang ig,non-bulliying
"""Maudy cantik na natural bnr2 cantik bgt, cantik luar dlm""",maudy cantik na natural bnr2 cantik bgt cantik dlm,non-bulliying
"""Bikin konten YouTube Student life at standford @maudyayunda seperti waktu S1 at Oxford. Fansmu pada nungguin nih.""",bikin konten youtube student life at standford maudyayunda s1 at oxford fansmu nungguin nih,non-bulliying
"""Aura org pinter emg shining ya bun @hy_dindut""",aura org pinter emg shining ya bun hydindut,non-bulliying
"""Paket lengkap deh.. udh cantik pintar lagi""",paket lengkap deh udh cantik pintar,non-bulliying
"""Sukaa bnget sm artis ini‚Ä¶ nggak neko2.. dan natural bngett""",sukaa bnget sm artis ini‚Ä¶ nggak neko2 natural bngett,non-bulliying
"""Cantik, pintar bertalenta, ortu mana yg gak kepengen punya anak kyk mba maudy""",cantik pintar bertalenta ortu yg gak kepengen anak kyk mba maudy,non-bulliying
"""Idih mak lampir, dibanding uya ma lu, lu bagaikan butiran debu,, lu dikenal karena bacot‚Ä¶ rajin2 ngaca deh""",idih mak lampir dibanding uya ma lu lu butiran debu lu dikenal bacot‚Ä¶ rajin2 ngaca deh,bulliying
"""Anjirlah muka lo kek kuntilanak malah sok cantik""",anjirlah muka lo kek kuntilanak sok cantik,bulliying
"""Mbak cadel yg bangga dengan cadelnya,, Harusnya sih kasihan karna cadel tapi lama"" jadi jijik kenapa gak sekalian bisu aja""",mbak cadel yg bangga cadelnya sih kasihan karna cadel jijik gak bisu aja,bulliying
"""Uda pinter, cantik gak kebanyakan tingkah. Perfect""",uda pinter cantik gak kebanyakan tingkah perfect,non-bulliying
"""Hati-hati mody jangan keluar sendirian jaga-jaga serangan brutal rasisme, wajahmu sekilas mirip onnie2 korea. Tetap waspada""",hatihati mody jagajaga serangan brutal rasisme wajahmu sekilas onnie2 korea waspada,non-bulliying
"""Bikin konten Youtube daily activity di Stanford dong kak @maudyayunda""",bikin konten youtube daily activity stanford kak maudyayunda,non-bulliying
"""Motivasi ku ka Maudy cantipp bngt""",motivasi ku ka maudy cantipp bngt,non-bulliying
"""Semoga kecerdasan Mbak Maudy bermanfaat bagi agama, nusa, dan bangsa.. Aamiin""",semoga kecerdasan mbak maudy bermanfaat agama nusa bangsa aamiin,non-bulliying
"""Damage nya cewek pinter gada lawann""",damage nya cewek pinter gada lawann,non-bulliying
"""cantikan waktu berisi dulu‚Ä¶ sekarang kurus bgt, kurus begini auranya kurang""",cantikan berisi dulu‚Ä¶ kurus bgt kurus auranya,bulliying
"""cantik sih, tapi sayang kurus ya. padahl udh nikah lo, kurang bahagia sama pernikahannya?""",cantik sih sayang kurus ya padahl udh nikah lo bahagia pernikahannya,bulliying
"""masih good vibes walaupun sedang lapar""",good vibes lapar,non-bulliying
"""kakak cantik bgt bismillah cerdasnya nular""",kakak cantik bgt bismillah cerdasnya nular,non-bulliying
"""Bego lu. Alam semesta dan seisinya pun serentak murka mendengarkan lagumu""",bego lu alam semesta seisinya serentak murka mendengarkan lagumu,bulliying
"""Dua2 nya cantik banget masya Allah""",dua2 nya cantik banget masya allah,non-bulliying
"""ka nisa mirip ariana grande masa""",ka nisa ariana grande,non-bulliying
"""Adiknya Kak Maudy, cantik, pinter, aura positifnya keluar, ramah, lemah lembut, rajin, sholeha""",adiknya kak maudy cantik pinter aura positifnya ramah lemah lembut rajin sholeha,non-bulliying
"""Sekilas yg abu mirip ariana grande haha""",sekilas yg abu ariana grande haha,non-bulliying
"""Yang satu nya mirip Ariana grande""",nya ariana grande,non-bulliying
"""Kakak sama adek sama sama cantik ya aku suka sama dua duanya""",kakak adek cantik ya suka duanya,non-bulliying
"""Rambutnya kak modd bagussss‚Ä¶ Item berkilauu""",rambutnya kak modd bagussss‚Ä¶ item berkilauu,non-bulliying
"""Cantik semua congrats kak msuk nominsi tc candler""",cantik congrats kak msuk nominsi tc candler,non-bulliying
"""Maudy enak bet dah cantik iya pinter iya""",maudy enak bet dah cantik iya pinter iya,non-bulliying
"""kukira dedeknya berdiri itu mau mukul bang jer pake ukulele‚Ä¶ ternyata aku salah salah :""""",kukira dedeknya berdiri mukul bang jer pake ukulele‚Ä¶ salah salah,non-bulliying
"""Bang jerome KLO nyanyiny kek gini bagus suaranya ganyangkaaa""",bang jerome klo nyanyiny kek gini bagus suaranya ganyangkaaa,non-bulliying
"""Sutan kamu sangat lucu dan menggemaskan""",sutan lucu menggemaskan,non-bulliying
"""Bang sering-sering dong buat vidio bareng sutan dia kayanya juga seneng ama bang jerom""",bang seringsering vidio bareng sutan kayanya seneng ama bang jerom,non-bulliying
"""Klu @jeromepoline buat video tapi berdua aja seharian sama anak kecil, hahah lucu juga gimana riwehnya""",klu jeromepoline video berdua aja seharian anak hahah lucu gimana riwehnya,non-bulliying
"""Muka lu kok cabul banget sih bg hahah""",muka lu cabul banget sih bg hahah,bulliying
"""Dari raut mukanya aja udh terlihat seperti org kalah judi dan tidak pernah makan enak""",raut mukanya aja udh org kalah judi makan enak,bulliying
"""Kak jerome kayak boneka tau hahah""",kak jerome kayak boneka tau hahah,non-bulliying
"""Mukbang makanan sehat dong kak. Salad jepang gituuu.""",mukbang makanan sehat kak salad jepang gituuu,non-bulliying
"""Yakinin dulu niatnya bg‚Ä¶ Semoga sukses""",yakinin niatnya bg‚Ä¶ semoga sukses,non-bulliying
"""Bang, aku nonton kamu setelah aku kerja di Jepang. Bermanfaat bgt kontennya jd gampang kalo mau nyari apa apa di Jepang""",bang nonton kerja jepang bermanfaat bgt kontennya jd gampang kalo nyari jepang,non-bulliying
"""Cuman rumus diet ini yg ga bisa dipecahka ya bang?""",cuman rumus diet yg ga dipecahka ya bang,non-bulliying
"""Perut makin maju tpi semangat jangan tak maju""",perut maju tpi semangat maju,non-bulliying
"""Pantesan kak Jessica bilang bang jerom beruang wkwkwk""",pantesan kak jessica bilang bang jerom beruang wkwkwk,non-bulliying
"""Aduhh susah klo urusan sma Jerome rumus matematika terus bahasannya‚Ä¶ Apakah daya diriku yg lebih suka bhs Inggris drpd matematika""",aduhh susah klo urusan sma jerome rumus matematika bahasannya‚Ä¶ daya diriku yg suka bhs inggris drpd matematika,non-bulliying
"""Kaya tulus ya mukanya klo diliat2""",kaya tulus ya mukanya klo diliat2,non-bulliying
"""Kak Jerome, bagi trik biar bisa paham dan ingat cepat rumus matematika, dung:)""",kak jerome trik biar paham cepat rumus matematika dung,non-bulliying
"""Baru x ini baca caption harus mikir dan pakai kalkulator cuyyy hahaha""",x baca caption mikir pakai kalkulator cuyyy hahaha,non-bulliying
"""Sumpah si kak, kemeja jeans bikin keliatan seger bgt mantap mantap""",sumpah si kak kemeja jeans bikin keliatan seger bgt mantap mantap,non-bulliying
"""Mirip ama aktor korea yg main di film reply 1988 yg jadi kaka nya jung hwan wkwk""",ama aktor korea yg main film reply 1988 yg kaka nya jung hwan wkwk,non-bulliying
"""iya bang jer terlihat berbeda klo pake style kayak gini lebih terlihat fresh anak gaul""",iya bang jer berbeda klo pake style kayak gini fresh anak gaul,non-bulliying
"""Klo style ke gini pas gitu bang sma umur lu yg msh muda keliatan lbh fresh aja sesuai sma umur""",klo style gini pas gitu bang sma umur lu yg msh muda keliatan lbh fresh aja sesuai sma umur,non-bulliying
"""Kok makin dewasa makin imutt aih cipaaaaaa""",dewasa imutt aih cipaaaaaa,bulliying
"""maniss bangettt pengen dah punya senyuman manis kayak ka syifaaa""",maniss bangettt pengen dah senyuman manis kayak ka syifaaa,non-bulliying
"""Nih orang manis bnget sihh ga ngerti lagi""",nih orang manis bnget sihh ga ngerti,non-bulliying
"""Kakak pinter nyanyi ya @syifahadjureal, suaranya bagus kak""",kakak pinter nyanyi ya syifahadjureal suaranya bagus kak,non-bulliying
"""Gk salah kalo kak syifa cantik mamahnya aja cantik bgtt!! Jujurr""",gk salah kalo kak syifa cantik mamahnya aja cantik bgtt jujurr,non-bulliying
"""Lelaki yg mendapatkan km. Adalah lelaki yg beruntung.""",lelaki yg km lelaki yg beruntung,non-bulliying
"""Kamu mirip bgt ayahmu kalo adikmu mirip bgt mamamu""",bgt ayahmu kalo adikmu bgt mamamu,non-bulliying
"""Kakak udah cantik sii, tapi cantikan lagi kalo pake hijab""",kakak udah cantik sii cantikan kalo pake hijab,non-bulliying
"""Gemeshh rasanya kaya aku pengen cubit""",gemeshh kaya pengen cubit,non-bulliying
"""@angelkmgi ini paling cute sih, ganteng parah msh kecil jg""",angelkmgi cute sih ganteng parah msh jg,non-bulliying
"""Pengen gw pacul mulut lo!! woii anjeng busuk""",pengen gw pacul mulut lo woii anjeng busuk,bulliying
"""Sering blg ke org2 artis cewek yg menurutku paling cantik syifa sama ziu""",blg org2 artis cewek yg menurutku cantik syifa ziu,non-bulliying
"""Ka cipa tu uda cantik, baik, manis bgt pula, manisnya tu nglebihin gula""",ka cipa tu uda cantik manis bgt manisnya tu nglebihin gula,non-bulliying
"""Dilihat sekilas pun tampak jelas kalau cantikkan syifa""",sekilas cantikkan syifa,non-bulliying
"""Setuju g sih? Si dia tetep cntik bgt meski g pke make up‚Ä¶ lah aku g pke make up pucet bgt kyk g makan setahunn""",setuju g sih si tetep cntik bgt g pke make up‚Ä¶ g pke make up pucet bgt kyk g makan setahunn,non-bulliying
"""dahlahh emang cantik luar dalam kmu ini cippp""",dahlahh emang cantik kmu cippp,non-bulliying
"""Muka cantik tanpa make up hini, bahagia bgt kali ya yg jadi suaminya, bisa liat bidadari setiap harinya.""",muka cantik make up hini bahagia bgt kali ya yg suaminya liat bidadari harinya,non-bulliying
"""Suka bgtt sm kak cipaa.. orangnya humble sm semua orang dan banyak temannya juga""",suka bgtt sm kak cipaa orangnya humble sm orang temannya,non-bulliying
"""Artis remaja di Indonesia yg manis bgt kalo senyum Cuma dia deh perasaan yg nempel di hati""",artis remaja indonesia yg manis bgt kalo senyum deh perasaan yg nempel hati,non-bulliying
"""Aku doakan perempuan baik yg bernama Nagita selalu sehat, bahagia lahir batin, dan banyak yang sayang sm dia..""",doakan perempuan yg bernama nagita sehat bahagia lahir batin sayang sm,non-bulliying
"""Rafathar nya mantull ni, pulang nggk jd nginep karna nggk ada temen mamany d rmh papany belum pulangg.. jd jagain dan temenin mama dulu  ya aa""",rafathar nya mantull ni pulang nggk jd nginep karna nggk temen mamany d rmh papany pulangg jd jagain temenin mama ya aa,non-bulliying
"""kultur kerja kaya gini menurut gw bagus si ga kapitalis banget, petingginya juga ikut kerja misal ngevlog atau endors, semoga gaji juga ga senjang si haha""",kultur kerja kaya gini gw bagus si ga kapitalis banget petingginya kerja ngevlog endors semoga gaji ga senjang si haha,non-bulliying
"""Pantas pada senang kerja di Rans.. mbak gigi nggak ngebossy..""",senang kerja rans mbak gigi nggak ngebossy,non-bulliying
"""Seneng yaa lihat orang sukses meeting. Ya Allah pengen sukses kayak gitu biar ada status di instastory""",seneng yaa lihat orang sukses meeting ya allah pengen sukses kayak gitu biar status instastory,non-bulliying
"""smga semua kelg dan crew sehat semua.. dan rejeki trs lancar ya kak gigi..""",smga kelg crew sehat rejeki trs lancar ya kak gigi,non-bulliying
"""Fokus ke nagita pas mau minum masih sempet baca doa. keren bgt hasil dari didikan orang tua nya""",fokus nagita pas minum sempet baca doa keren bgt hasil didikan orang tua nya,non-bulliying
"""Kasihan ya , Nagita punya suami kerjaannya berzinah terus""",kasihan ya nagita suami kerjaannya berzinah,bulliying
"""Koreaable banget face rafathar cakep ganteng manis banget""",koreaable banget face rafathar cakep ganteng manis banget,non-bulliying
"""MasyaAllah Rafathar tambah besar makin tambah ganteng bgt gk kuat ngeliat alisny‚Ä¶""",masyaallah rafathar ganteng bgt gk kuat ngeliat alisny‚Ä¶,non-bulliying
"""Kok mirip siwon ya lama2, apa perasaan gw aja.""",siwon ya lama2 perasaan gw aja,non-bulliying
"""Lucunya berasa kayak kaka dan adek""",lucunya berasa kayak kaka adek,non-bulliying
"""Itu wajah nagita kya masih umur 20an""",wajah nagita kya umur 20an,non-bulliying
"""Foto no edit edit ya saayy kamera nyaa bening,,, model fotonya pun juga bening gak perlu pakai filter tipu tipu""",foto no edit edit ya saayy kamera nyaa bening model fotonya bening gak pakai filter tipu tipu,bulliying
"""Look-nya Rafathar emang gak bisa dipungkiri, diborong gen mama gigi semua HAHA.""",looknya rafathar emang gak dipungkiri diborong gen mama gigi haha,non-bulliying
"""Nagita masa kaya anak muda coba cantikk bangeett""",nagita kaya anak muda coba cantikk bangeett,non-bulliying
"""Masyaallah mamany cantik anakny ganteng, perfect""",masyaallah mamany cantik anakny ganteng perfect,non-bulliying
"""Kaya adek kakak.. kak gigi keliatan muda banget""",kaya adek kakak kak gigi keliatan muda banget,non-bulliying
"""Tambah gede aja rafathar ya tambah pinter ya Rafathar""",gede aja rafathar ya pinter ya rafathar,non-bulliying
"""Mama gigi kalau rambutnya agak pirang tambah cantik dan tampak lebih muda""",mama gigi rambutnya pirang cantik muda,non-bulliying
"""OOTD mama gigi simple tapi elegan dilihat nya, masyaallah""",ootd mama gigi simple elegan nya masyaallah,non-bulliying
"""Masyaallah mamah gigi bening bet dah, sehat selalu mamah gigi dn keluarga""",masyaallah mamah gigi bening bet dah sehat mamah gigi dn keluarga,non-bulliying
"""mama gigi ketemu gajah. gajahnya seneng sampai ketawa gitu ahhaha.""",mama gigi ketemu gajah gajahnya seneng ketawa gitu ahhaha,non-bulliying
"""Ya allah ga tau knp ak suka setiap lihat nagita pake dress modelnya cakep cakep""",ya allah ga tau knp ak suka lihat nagita pake dress modelnya cakep cakep,non-bulliying
"""i see beauty in everything mba gigi sehat selalu sama dede bayi nya""",i see beauty in everything mba gigi sehat dede bayi nya,non-bulliying
"""Mama gigi cantik banget‚Ä¶ look younger than her age.. love mama gigi""",mama gigi cantik banget‚Ä¶ look younger than her age love mama gigi,non-bulliying
"""Semoga adeknya rafathar menjadi anak yang tangguh kuat cerdas""",semoga adeknya rafathar anak tangguh kuat cerdas,non-bulliying
"""Pakaian apapun yg dipake mama gigi selalu keceee""",pakaian apapun yg dipake mama gigi keceee,non-bulliying
"""Terima kasih kak Nagita @raffinagita1717 sudah support Molly si gajah dan satwa-satwa di Bali Zoo lainnya dengan kunjungannya bersama keluarga""",terima kasih kak nagita raffinagita1717 support molly si gajah satwasatwa bali zoo kunjungannya keluarga,non-bulliying
"""Kaya ny gajahnya merasakan aura positif nya mb gigi itu‚Ä¶ kelihatan sumringah jg gajahnya loo..""",kaya ny gajahnya merasakan aura positif nya mb gigi itu‚Ä¶ sumringah jg gajahnya loo,non-bulliying
"""Manis banget mbak gigi.. Masya Allah.. hamil semakin bersinar..""",manis banget mbak gigi masya allah hamil bersinar,non-bulliying
"""Mama gigi gapernah ga cantik sih kalo menurut aku.""",mama gigi gapernah ga cantik sih kalo,non-bulliying
"""Semoga sehat selalu bayi dalam kandungan nya sama ibunya ya.""",semoga sehat bayi kandungan nya ibunya ya,non-bulliying
"""Cantik banget semoga sehat selalu kakak panutan""",cantik banget semoga sehat kakak panutan,non-bulliying
"""MasyaAllah selalu mempesona baik kaum adam maupun kaum hawa""",masyaallah mempesona kaum adam kaum hawa,non-bulliying
"""Gak ada orang lain yang bangun tidur siang secantik ini selain ka yaya""",gak orang bangun tidur siang secantik ka yaya,non-bulliying
"""makin tua makin muda yehh mukanya, mana cantik bngett mo nangiss ampun cantik terus ka yaya""",tua muda yehh mukanya cantik bngett mo nangiss ampun cantik ka yaya,non-bulliying
"""Gapaham lagi cakeup nya natural Masyaallah""",gapaham cakeup nya natural masyaallah,non-bulliying
"""Raisa mah tipe cantik tapi sopan santun pakaiannya""",raisa mah tipe cantik sopan santun pakaiannya,non-bulliying
"""ka yayaaa, why are you always stunning pretty girl.""",ka yayaaa why are you always stunning pretty girl,non-bulliying
"""Ya Allah ni orang apa peri, cantik amatt""",ya allah ni orang peri cantik amatt,non-bulliying
"""Kenapa cantik banget aku heran dilihat dari samping kanan kiri depan dll tetep aja cantik""",cantik banget heran samping kanan kiri dll tetep aja cantik,non-bulliying
"""BISA BERHENTI CAKEP GA KAKK? PUSINGGGG IH""",berhenti cakep ga kakk pusingggg ih,non-bulliying
"""Cantik bajunya keren warnanya bikin pangling""",cantik bajunya keren warnanya bikin pangling,non-bulliying
"""Sudah dongggg dan sudah di liked juga.. congratulations""",dongggg liked congratulations,bulliying
"""Udaaaahh nontonnnnn.. lagunya bajunya makeup dan hairdo nyaaa sukaakkkk""",udaaaahh nontonnnnn lagunya bajunya makeup hairdo nyaaa sukaakkkk,non-bulliying
"""Raisa sekarang ngak monoton‚Ä¶. Jadi suka deh‚Ä¶. Sering2 kek gini‚Ä¶.""",raisa ngak monoton‚Ä¶ suka deh‚Ä¶ sering2 kek gini‚Ä¶,non-bulliying
"""udah dong. Lagi ngunyah aja cute banget""",udah ngunyah aja cute banget,non-bulliying
"""Penyihir secantik ini gue rela dikutuk jadi tokek laut""",penyihir secantik gue rela dikutuk tokek laut,non-bulliying
"""Ya ampun kak makan apa sih kok bisa cantik banget""",ya ampun kak makan sih cantik banget,non-bulliying
"""Ya allah kek anak yg msh batita klo lg ngambek manyunnya begitu, gemes hahaha""",ya allah kek anak yg msh batita klo lg ngambek manyunnya gemes hahaha,non-bulliying
"""Aku udah. Dan sumpah bagus banget. Serasa liat cerita disney gitu""",udah sumpah bagus banget serasa liat cerita disney gitu,non-bulliying
"""lu lebih gak sopan, mukak lu kayak babi!""",lu gak sopan mukak lu kayak babi,bulliying
"""ya Allah kenapa begitu sempurna sih ciptaanmu yg satu in""",ya allah sempurna sih ciptaanmu yg in,non-bulliying
"""Ragu aja cantiknya udh kek gini, gmn kl yakin yak, cantiknya kek apa, heran""",ragu aja cantiknya udh kek gini gmn kl yak cantiknya kek heran,bulliying
"""Bukan keliatan ragu, tapi keliatan cantik""",keliatan ragu keliatan cantik,non-bulliying
"""Warna yang paling bikin Raisa makin shinning itu merah, hitam, putih, pink and emerald""",warna bikin raisa shinning merah hitam putih pink and emerald,non-bulliying
"""Raisa pake baju merah sumpahh cantik bgttt""",raisa pake baju merah sumpahh cantik bgttt,non-bulliying
"""Liriknya pendek tp susah di hafal pas awal awal, begitu di puter beberapa kali eh kok candu banget""",liriknya pendek tp susah hafal pas puter kali eh candu banget,non-bulliying
"""Demi apa, Kak Yaya gk pernah ngeRAGUin para pendengar lagu2 nya""",kak yaya gk ngeraguin pendengar lagu2 nya,non-bulliying
"""Ka yaya kalo ragu tetep secantik itu yah :"")""",ka yaya kalo ragu tetep secantik yah,non-bulliying
"""Ragu aja cantik kan kak, apalagi kalau serius""",ragu aja cantik kak serius,non-bulliying
"""Ngga alay. Ngga muluk muluk. Natural. Sukaaaa",ngga alay ngga muluk muluk natural sukaaaa,non-bulliying
"""seru bgt gemoy, tim berkebun plus tim alam bgt niiii""",seru bgt gemoy tim berkebun plus tim alam bgt niiii,non-bulliying
"""nikmatnya bisa menghirup oksigen dengan bebas ya :)""",nikmatnya menghirup oksigen bebas ya,non-bulliying
"""Slide kedua mukanya mau gaya apa aja tetep cantikk""",slide mukanya gaya aja tetep cantikk,non-bulliying
"""mba isyana foto gelap2an gini aja aesthetic bgt ya""",mba isyana foto gelap2an gini aja aesthetic bgt ya,non-bulliying
"""mba isyana udah cantik suaranya bagus kompeten pula, ah sukaaaa""",mba isyana udah cantik suaranya bagus kompeten ah sukaaaa,non-bulliying
"""Ga Taulah aku juga suka banget sama gayanya isyan""",ga taulah suka banget gayanya isyan,non-bulliying
"""Kangen nonton konser isyan secara lgsg, meskipun msh bisa virtual, Cuma experience-nya lebih dapat aja gitu""",kangen nonton konser isyan lgsg msh virtual experiencenya aja gitu,non-bulliying
"""Congrats ka @isyanasarasvati, terus berkarya, makin sukses‚Ä¶ dan terus mnjd inpirasi kita semua‚Ä¶""",congrats ka isyanasarasvati berkarya sukses‚Ä¶ mnjd inpirasi semua‚Ä¶,non-bulliying
"""Congrats kak, kamu memang pantes mendapatkannya""",congrats kak pantes mendapatkannya,non-bulliying
"""Saya berharap kak @isyanasarasvati panjang umur. Sehingga bisa jadi inspirasi untuk musisi seluruh Indonesia. Saya suka musik indonesia dengan adanya kak Isyana""",berharap kak isyanasarasvati umur inspirasi musisi indonesia suka musik indonesia kak isyana,non-bulliying
"""Udah cantik, rada gesrek tapi ya ini banyak kelebihannya, semangat tetap produktif""",udah cantik rada gesrek ya kelebihannya semangat produktif,non-bulliying
"""Gatau lagi, serasa nonton wtf beneran di jkt meski virtual and thankyouu for the performance kak syan! Selalu keren dan pecah! Tak pernah sekalipun mengecewakan""",gatau serasa nonton wtf beneran jkt virtual and thankyouu for the performance kak syan keren pecah mengecewakan,non-bulliying
"""Walaupun ga pernah lihat ka isyana live beneran di panggung. Tp aku terpesona bgt ama live virtual asli keren""",ga lihat ka isyana live beneran panggung tp terpesona bgt ama live virtual asli keren,non-bulliying
"""yash we the fest even virtual tapi tetep keren bgt kak syann huaaa energi nya dpt bgt""",yash we the fest even virtual tetep keren bgt kak syann huaaa energi nya dpt bgt,non-bulliying
"""Keren banget!!! walaupun sebentar tapi mantap abis! Ditunggu karya selanjutnya ya kak! Stay safe and healthy isyana ku""",keren banget sebentar mantap abis ditunggu karya ya kak stay safe and healthy isyana ku,non-bulliying
"""makaseh jugaa kakaaa inyeeuuuu semoga aku bisa pantang menyerah seperti kakak dan teman musisi lainnya yaaa""",makaseh jugaa kakaaa inyeeuuuu semoga pantang menyerah kakak teman musisi yaaa,non-bulliying
"""Thank you juga, Syan! Seneng banget kemarin haha! Semoga setelah pandemi ini, semua rencana dilancarkan ya, Syan!""",thank you syan seneng banget kemarin haha semoga pandemi rencana dilancarkan ya syan,non-bulliying
"""hua seneng bgt kmrn walaupun Cuma 35 menitan tp seneng liat isyan, adaptasi kebiasaan baruku semoga bisa lebih teratur maemnya, ditunggu karya selanjutnya kaka""",hua seneng bgt kmrn 35 menitan tp seneng liat isyan adaptasi kebiasaan baruku semoga teratur maemnya ditunggu karya kaka,non-bulliying
"""senang akhirnya indonesia bisa mempunyai musisi idealis berkualitas tinggi yg masih bisa terus berkarya & diapresiasi oleh banyak orang‚Ä¶""",senang indonesia musisi idealis berkualitas yg berkarya diapresiasi orang‚Ä¶,non-bulliying
"""Berharap bisa menghadirkan musisi dgn genre yang lain dr yg sudah ada di industri‚Ä¶ biar musik Indonesia lebih berwarna""",berharap menghadirkan musisi dgn genre dr yg industri‚Ä¶ biar musik indonesia berwarna,non-bulliying
"""congrats kak isyan semoga semua impian-impian baiknya segera bisa terwujud aamiin""",congrats kak isyan semoga impianimpian baiknya terwujud aamiin,non-bulliying
"""Bener bener idola, dr musisi yang dipandang sebelah mata sampe buat label musik sendiri, congrats syan""",bener bener idola dr musisi dipandang sebelah mata sampe label musik congrats syan,non-bulliying
"""CONGRATS KAK ISYAN semoga karya nya apa yg dilakukan kakak sukses teruss""",congrats kak isyan semoga karya nya yg kakak sukses teruss,non-bulliying
"""ORANG INI TERLIHAT SANGAT SANGAT STRES DAN GILA""",orang stres gila,non-bulliying
"""Gua kalai jadi tuhan gaakan gua jadiin dia ini manusia, lebih pante ga hidup ini orang di dunia, akhlaknya gaada tolol bangsat""",gua kalai tuhan gaakan gua jadiin manusia pante ga hidup orang dunia akhlaknya gaada tolol bangsat,bulliying
"""Biasa nya aq nangis kalo lagu nya seiihh, kalo sekarang nangis karna saking bagus nya lagu nya""",nya aq nangis kalo lagu nya seiihh kalo nangis karna saking bagus nya lagu nya,non-bulliying
"""definisi minat ketemu bakat ketemu kerja keras""",definisi minat ketemu bakat ketemu kerja keras,non-bulliying
"""@vnagstn astaga si isyana keren banget ini; bisa ada musisi lokal yang selera musiknya kayak gini""",vnagstn astaga si isyana keren banget musisi lokal selera musiknya kayak gini,non-bulliying
"""MashaAllah‚Ä¶ udh cantik, pinter, jago nyanyi dn mainin alat musik pula neng @isyanasarasvati ngefans bener ini mah""",mashaallah‚Ä¶ udh cantik pinter jago nyanyi dn mainin alat musik neng isyanasarasvati ngefans bener mah,non-bulliying
"""Gilaaaa.. gila.. gilaaaa Tangan, kaki, ekspresi, n emosi tertuang adi suatu karya yg fantastis""",gilaaaa gila gilaaaa tangan kaki ekspresi n emosi tertuang adi karya yg fantastis,non-bulliying
"""Gosh, tiap kali lihat isyana mainin alat musik kaya lihat jiwanya beda. Merinding gila. Kaya kepribadiannya jadi serius bangett""",gosh kali lihat isyana mainin alat musik kaya lihat jiwanya beda merinding gila kaya kepribadiannya serius bangett,non-bulliying
"""Sumpah demi allah bagus bangett kereennn merinding ak nya.. dengerin sampe abis tiba2 aja ampe netesin air mata""",sumpah allah bagus bangett kereennn merinding ak nya dengerin sampe abis tiba2 aja ampe netesin air mata,non-bulliying
"""aku memutuskan untuk menjadi fans isyana. gila keren banget ya, otak mereka berdua bisa berfungsi dg menjalankan perintah ke tangan dan kaki, di waktu bersamaan""",memutuskan fans isyana gila keren banget ya otak berdua berfungsi dg menjalankan perintah tangan kaki bersamaan,non-bulliying
"""AMZING ISYANAA!! Jujur aku amazed banget dengan skill dan minat Isyana dalam bermusik. Ga Cuma bernyanyi tapi main alat musik pun jago banget""",amzing isyanaa jujur amazed banget skill minat isyana bermusik ga bernyanyi main alat musik jago banget,non-bulliying
"""paling ngiri liat orang keren maen alat musik dan dalem banget nikmatin permainan sendiri""",ngiri liat orang keren maen alat musik dalem banget nikmatin permainan,non-bulliying
"""Sampe ga bisa berkata2 lagi buat isyana, sangat2 sempurna org ini""",sampe ga berkata2 isyana sangat2 sempurna org,non-bulliying
"""Inimah bukan main alat musik lagi. Olahraga jari dan kaki ini mah""",inimah main alat musik olahraga jari kaki mah,non-bulliying
